,Rg (nm),Ree (nm),Delta,S
0,3.4776773523774684,8.112306594848633,0.37389959954186425,0.983819378663721
1,3.846889123517652,10.908127784729004,0.2507177837104889,0.40030879850484175
2,4.384181446942574,11.631439208984375,0.5253577039860847,1.0833362487184945
3,3.024881730744428,5.713029384613037,0.0222576860525507,-0.02824048099618553
4,3.1895315187292144,5.02998161315918,0.11635797955611873,0.16303822630028086
5,3.3183205051175952,3.2098824977874756,0.056427039568846635,0.19490112684269023
6,3.3596424892563186,6.711365699768066,0.00806654322580476,-0.030934349513220886
7,4.379319439549871,11.973587036132812,0.06749941225743851,0.13199441227748052
8,4.557950514344258,12.923487663269043,0.173022896662053,0.7959188047976092
9,5.23545050378981,13.64443588256836,0.3496965171138423,1.3954649125955247
10,5.116737840450054,13.469459533691406,0.43881166938272237,1.504136944760715
11,4.769609059140381,14.786416053771973,0.4039649303736184,1.3814653794953045
12,4.720942199719215,13.64567756652832,0.21677140594283592,0.8878715633335781
13,4.449921633694108,11.640007019042969,0.18441114752373283,0.3834504723050604
14,4.751363672302197,7.25972843170166,0.3235358415269941,0.789299292800097
15,4.1650149584268465,8.758612632751465,0.3471483157862487,0.9727116618054087
16,3.0746177062908693,7.431971549987793,0.045028770521010085,0.08792712726668468
17,2.563666405000732,1.8859869241714478,0.1874277462608129,0.19999330141135332
18,3.356369570488791,6.059633731842041,0.17902810898403573,0.1632061217776885
19,3.8209246816239437,8.980344772338867,0.049205976592223026,0.06180797238397449
20,4.390576542774423,12.471014022827148,0.5118782397653134,1.0983292339781574
21,3.550158148067963,8.268086433410645,0.06928014883919503,0.016670479443769936
22,3.008382598283674,4.210867404937744,0.05455267577116162,0.012415365694250335
23,3.616131241897796,6.05021333694458,0.16440692852774352,0.33339574874881023
24,3.4634653672521782,7.637277126312256,0.09979835971481124,0.678338381847149
25,4.508203548104771,10.065814018249512,0.22363603018595177,1.187192415239931
26,5.257348390432686,15.615744590759277,0.11715709700386825,1.188823167357449
27,4.997978701051713,14.875614166259766,0.1670972561615703,0.9048956243919601
28,4.731032085530213,14.202110290527344,0.22540923230635662,0.8933240297815618
29,4.3770507937124625,13.460644721984863,0.23375548874214974,0.1432369146360661
30,2.941375811761201,9.13604736328125,0.12104815785117934,-0.008646803212875693
31,2.414343361064174,2.3497555255889893,0.003868959485546311,0.007889443767822855
32,2.8053188848547785,6.663649082183838,0.10603086379239822,0.018805183897460883
33,3.618720750798654,8.78485107421875,0.13673165088450615,0.20105715441545735
34,3.865948313537376,5.293961048126221,0.4172074378690638,0.8909577330010364
35,3.3640143620059186,8.033821105957031,0.23096508477045194,0.6429268917293479
36,2.702307597167186,6.321371555328369,0.09379537847481816,0.10272253767106573
37,3.457026513032088,6.101809024810791,0.18884061637721844,0.47907859720710083
38,3.9669130410925004,11.721278190612793,0.07620767752727264,0.3187937642776342
39,4.678105447063446,13.59291934967041,0.056253617968396216,0.28464388676644004
40,5.738447076138793,16.555944442749023,0.23695856285220793,1.0610013533891842
41,5.843416453671888,16.4661922454834,0.519241264590129,1.4837692662039825
42,6.080298876405252,18.751127243041992,0.7167139846036826,1.6241538352194556
43,4.304141958888641,12.115049362182617,0.4809652613155124,0.7967931073616835
44,3.338857754578505,4.040419578552246,0.22974991513567602,0.5128912115812421
45,3.2388864160194863,5.899157524108887,0.10887640654697621,0.18033181168618945
46,3.7357301402472696,9.40532112121582,0.040393708697701355,-0.15203256245666144
47,3.4271513884561062,7.463420391082764,0.12624384078597684,0.005834589434838531
48,3.0714316797730903,7.249154567718506,0.12654989361739855,0.15539859289394148
49,3.1136458023583153,7.79688024520874,0.01555011432999522,0.3713888737565817
50,2.3777738476629136,3.888998508453369,0.03678963965927529,0.05879458566510019
51,3.7744397517385435,11.2680082321167,0.11293462987157646,0.5743875437661857
52,4.321469424379921,11.175592422485352,0.2254107209494277,0.9196359042397244
53,4.904466859198735,15.119430541992188,0.022733503277561056,0.6249682041741621
54,4.762955372169038,11.921561241149902,0.161848565034667,0.20889743192755292
55,3.9566656859666165,9.911577224731445,0.1336307884671072,0.33272309549492324
56,4.230095792630143,11.059558868408203,0.17029147323933017,1.1469933118277986
57,4.099858814057297,9.020376205444336,0.14055902609326362,0.9314532653621385
58,3.38072113129476,5.340227127075195,0.21248799645571526,0.3593818967474343
59,2.903581430242149,4.23242712020874,0.000867774530739319,0.0921355048496791
60,3.7162566276233604,3.2505526542663574,0.13608343029752804,0.17115788022180065
61,3.887333335350873,4.138986110687256,0.17091943530955436,0.06401252401357665
62,3.275066211652002,9.649056434631348,0.13391282023320827,0.09162598942225711
63,3.289008608402308,8.119841575622559,0.04664451126092113,0.5316695268006092
64,4.292838535181552,10.41031551361084,0.2230699121212466,0.8344547654371721
65,3.956195784412268,11.840642929077148,0.345772207758209,0.7734124519957224
66,3.4271966281188484,9.767233848571777,0.38239537044810296,0.4974414581219733
67,3.366115447952452,6.745004653930664,0.05680232436601988,0.44239936533275503
68,2.766568468279582,4.35239315032959,0.015812974112435284,0.04203439657264191
69,2.8753075940999553,3.5419909954071045,0.11596287826587227,-0.04300481284901863
70,2.696236350699696,8.200820922851562,0.18944505960578525,0.17117683353471058
71,3.6864107444722336,10.798651695251465,0.10834428819453029,0.16298354155611214
72,4.200531262366147,10.169589042663574,0.008373058210929896,0.46507692576341986
73,2.9020505799233876,4.0833330154418945,0.0313788654742837,0.4598337963381029
74,3.1435805564720325,1.4417977333068848,0.046667080408463006,0.7236217757122122
75,4.0793044018054365,6.44638729095459,0.19343899072954368,0.7418801794200998
76,4.485041778340355,6.154521942138672,0.13591119384355238,0.56715864967424
77,5.190513735288509,13.8335542678833,0.1340515449137304,0.5693376050400095
78,4.627697587181832,13.82082462310791,0.04009040093747318,0.969538555067648
79,3.8653546549112083,6.997748374938965,0.14238451353871834,0.9287398035925556
80,4.07428073043786,4.746696472167969,0.19335659685205972,0.7670729005446596
81,3.9555306791169547,7.284853458404541,0.01758221026718244,0.3178004181822274
82,5.755672322126223,18.909156799316406,0.052178923994380774,1.0989838523539655
83,5.175788798073841,18.020936965942383,0.19798124237235284,1.4865190336210266
84,5.308290922732794,15.554409980773926,0.10282352639194654,0.8565281935896486
85,5.746901684579042,14.823604583740234,0.13777962872638733,0.9795117824911117
86,4.644785811716692,14.973901748657227,0.0806361705690197,0.8499165605233487
87,3.7505119713468575,9.393196105957031,0.01646110994228112,0.5993177808857229
88,3.4143561206872426,5.982397556304932,0.2694760690888331,0.6500087796435788
89,2.9758725604184644,4.1794867515563965,0.19511734835154199,0.48437416040578235
90,3.3008704449941026,7.444678783416748,0.004554205134370544,0.07503155188870242
91,2.8164267687487485,5.760221004486084,0.033789790998781134,0.2459091329763242
92,3.163013613911525,9.14118480682373,0.07885099730642658,0.447942562885991
93,4.930931559042187,14.109014511108398,0.1789346070596536,1.4046081608106544
94,4.263792806260283,9.561180114746094,0.07677259689674644,0.8684720779385668
95,4.126258224592795,8.310827255249023,0.0737169841846065,0.45863698466048686
96,4.179841396251232,11.13242244720459,0.2560794652549419,1.0804726076510052
97,5.427452739681221,10.169933319091797,0.26676233279853134,0.18243369537847023
98,3.7357499363965174,10.954251289367676,0.21686009760739997,0.4089705802885856
99,3.0839325075229933,3.883376359939575,0.02555941935160009,0.18356565596879615
100,3.6450090878340355,10.186272621154785,0.30223263397108224,0.7193111270158814
101,3.259026631308582,7.66597843170166,0.05698342437067981,0.47915459942144056
102,3.441167361430072,3.1297590732574463,0.01018567958937268,0.0012823967384399985
103,2.954554650099763,5.310291290283203,0.10563704671513675,-0.08916760668964119
104,3.6349783427608746,6.688939094543457,0.017444247867255475,0.2879786646940569
105,4.1623222497124885,6.71281623840332,0.19601229240182008,1.0710801610621965
106,4.852295389114387,9.351251602172852,0.05589068609950669,0.2572737964326531
107,4.04226099846822,4.511918067932129,0.11294142895997074,0.002163443973592816
108,3.6262664194785597,5.855529308319092,0.1107403398928437,0.4187126875302245
109,3.644135560121293,7.213907241821289,0.39736035688953497,0.48767654615329764
110,3.5809708957506183,8.368093490600586,0.29103187608271747,0.237170267099878
111,3.943639619649244,8.316484451293945,0.1471107264788012,0.1102025820636042
112,3.8976176260543416,8.653618812561035,0.19164942345276514,0.37000813809331073
113,5.134303282030794,14.781725883483887,0.5916033277338527,1.3554216925242055
114,5.6710244650530495,13.912202835083008,0.40539040824029726,1.5496433612365617
115,5.27721232044887,14.361852645874023,0.14113092918740902,1.2034948088300548
116,4.975087573702007,8.38027286529541,0.06342437561774578,0.9653592189634399
117,3.9478821092159104,13.53154468536377,0.02080265543678163,0.4611978865689601
118,4.263522010320024,10.165718078613281,0.14964403708036153,0.2674398749290319
119,3.965737707130223,6.057488918304443,0.14469520381525747,0.045019807206681375
120,3.4521918651308736,9.15311336517334,0.1749342325836339,0.023981973492467897
121,2.678879490921868,3.3223705291748047,0.07608275563183171,-0.02192447631371529
122,2.769187583701586,4.954113960266113,0.01841638135329334,-0.02207541963350199
123,3.048996487337658,3.1268343925476074,0.06993504763147135,-0.008214412146875518
124,2.6854637738792384,3.9388420581817627,0.007854916937411608,0.2389368215952647
125,3.956904704071053,13.097105026245117,0.2349851905148342,0.5204259271558912
126,3.9444829458568176,9.944502830505371,0.21118430370339655,0.8344723381912414
127,3.2987018009414135,6.908918380737305,0.12435054869734753,-0.05394279750242798
128,2.6134431025074907,7.282557487487793,0.15051979442384428,0.08310997777425766
129,2.597605659395804,6.944412708282471,0.007099258641523751,-0.1046994797865996
130,3.784355535338025,7.489746570587158,0.020960738279409204,0.5551791871424145
131,5.2538164875754925,13.281641960144043,0.00030855170402190366,0.9863823596587287
132,5.954018479510933,14.500182151794434,0.01357496743160915,1.213314551587074
133,5.386786245622043,13.2981595993042,0.036084068585171956,1.4018616673093487
134,4.132959520171531,9.790762901306152,0.145180406600255,1.2275500379149118
135,3.969352559499135,10.550511360168457,0.16397766059596328,1.056916787506756
136,3.4333514060013375,6.0275068283081055,0.0540001830196747,0.34366573412496876
137,2.7615371289783166,4.877213954925537,0.023985858526922407,0.024163296864250006
138,3.1404962539389314,10.048646926879883,0.10905386145681996,0.401253836226831
139,3.870263359415171,5.384511470794678,0.17133794652980003,0.4642472613733654
140,3.849369083217943,9.83409595489502,0.1245756726729113,0.5681104408738773
141,3.886559381747382,9.859711647033691,0.22560099973200262,0.2857392767564424
142,3.0676924269470134,8.065971374511719,0.015790297495027764,0.44449158247824855
143,2.5393792657198864,6.704650402069092,0.11597021682629635,0.5142833597577087
144,4.173461147421655,12.083331108093262,0.11499007540773033,1.2307177066803754
145,4.580739494456062,8.690340042114258,0.005770222571934189,0.3059626442169919
146,4.209357287398845,11.251922607421875,0.015050264913863576,0.08731163206338871
147,2.8351011616393667,6.606379508972168,0.02272627640044676,0.026891310085944704
148,3.1546483021614464,5.069390773773193,0.04729727964306185,0.327865579469664
149,2.805142165462993,2.478475570678711,0.08712104923537428,0.02040637326664736
150,3.0362540837679406,8.526381492614746,0.043399220427833216,0.37628368198769735
151,4.1663486602790085,11.819524765014648,0.03133627870183733,0.45416540422476454
152,4.479777251157269,12.226289749145508,0.05271901187106545,1.0313379996162404
153,4.094199586825094,10.189661979675293,0.08498302559736143,0.260631005828266
154,3.8673972996521324,6.6231689453125,0.16881874356020837,0.31022722981977574
155,2.9472272455717206,7.051119327545166,0.18828452087939127,0.21682509804726718
156,2.505061016792841,5.468224048614502,0.10322397740232647,0.23008063298600245
157,2.2414576152758845,4.760197639465332,0.035783799860068306,-0.012840686538373227
158,2.5656710969103247,4.696774005889893,0.056611052113601124,0.19555752403761179
159,3.575182184230985,7.723188400268555,0.31755379205623846,0.36101329754214945
160,4.17248490907825,11.54043960571289,0.2139558129629912,0.5341289626346943
161,4.581432499018539,6.494329452514648,0.2000271392860546,-0.06347901133963929
162,3.1471739964407486,6.310795783996582,0.2117016750552174,0.6866314756881644
163,3.807790773381671,10.734540939331055,0.17144372644461064,0.5540589499673191
164,3.8251173179583433,10.688470840454102,0.2600653944504529,0.7089843667877549
165,5.176193787493805,15.051819801330566,0.1309252058502496,0.8775738046491457
166,4.733388680532888,14.385019302368164,0.2773028358196622,1.1911983123003378
167,5.03513689613132,15.60174560546875,0.044455949370155776,0.8854143789862375
168,5.037518418633499,13.386072158813477,0.03201867113692547,1.3419205870256568
169,5.087653139824742,16.45371437072754,0.11852378379901118,1.0302234948402167
170,4.982687925509479,13.677042961120605,0.14083899744421824,1.1013704216621947
171,5.462545705807849,15.551478385925293,0.26279422207869924,1.3418415398478338
172,4.80415280078956,13.16805362701416,0.554559473163227,1.399127379360101
173,4.666893361279363,12.070089340209961,0.41565966003906046,0.40755054420182313
174,4.068535984635383,9.61968994140625,0.5176351477865098,1.0446363171841497
175,3.9195872719321034,9.510766983032227,0.17651325752644398,0.41694889687369807
176,3.3950882114871583,9.681007385253906,0.07212801021199085,0.3165910913260956
177,2.7694763067978263,3.835214138031006,0.05474752255236928,0.6006501722718238
178,3.1029488275505255,7.253128528594971,0.05826941254741752,-0.10514292334466109
179,3.2486753398692643,6.388406276702881,0.41966392428622945,0.7600608744769648
180,3.5482658730257812,6.62891149520874,0.08609942771059682,0.7360756144165999
181,3.8996701268685374,8.872028350830078,0.16269088093100142,1.1557832209659507
182,4.1808380950409285,9.572269439697266,0.1816469511429397,1.0803975698356185
183,4.199512839217134,9.288946151733398,0.12041228161498722,0.3256432525192663
184,3.112152066957844,8.883546829223633,0.11870700286072866,0.6785635184138005
185,3.275247990481971,4.371138572692871,0.1447387498872916,0.09102410711436472
186,4.414211028232137,8.837483406066895,0.21865886280577232,0.9594854058510491
187,4.60012840595273,12.879965782165527,0.15771522931111834,1.2987681755169256
188,4.028589601474487,9.573994636535645,0.2074419568161251,0.70887515879601
189,4.725620590962416,10.185234069824219,0.3677484098535552,0.4798417100784091
190,5.359203739102389,15.992316246032715,0.16223082171632658,0.06841976286246769
191,5.457449397713886,12.927417755126953,0.3173749407759109,1.1180571812186977
192,5.382357509150853,14.131376266479492,0.5017248958126791,1.0053738182712093
193,4.100677465849863,10.420577049255371,0.14836644401661417,0.44301075566848125
194,4.108228909151102,10.615478515625,0.43659976515197707,0.7176687943843647
195,4.497907929477655,10.24050521850586,0.10166151738267033,0.20235848635350748
196,4.64413758701052,9.64656925201416,0.19419022427410182,0.6035360173729412
197,4.2733797896856345,11.670090675354004,0.3233384325515501,0.7946149309011259
198,3.840643020854942,13.489078521728516,0.18266223666314424,0.9393467735562859
199,3.784698841295613,8.527900695800781,0.008344496387293171,0.3866163931455456
200,3.593425625819857,8.504342079162598,0.024822165874744135,0.553901261174702
201,3.4305474978953967,10.089141845703125,0.19643106581877592,0.6986449601810356
202,2.5085975753629404,4.611076354980469,0.017453970345467338,-0.03304729136026509
203,2.737494449494214,8.190542221069336,0.1234001409560883,0.12067118681957609
204,4.155675934422751,10.943632125854492,0.45568050582274283,0.5989795979169475
205,4.293801918745167,10.175423622131348,0.6554653477960369,1.2061055004575982
206,4.118279659058431,10.19166374206543,0.2775319305198993,0.7327348246100487
207,3.531988527597521,7.882216930389404,0.13366589754761507,0.3228198221077895
208,3.3790257872170852,2.336085081100464,0.24299446868035765,0.7486933100469731
209,3.2349950993471084,5.011316299438477,0.04554244108111362,0.5553290362159363
210,3.1287527497015506,5.8376970291137695,0.1723465398557729,0.5262380415502306
211,3.191940624682109,4.653727054595947,0.024097464259994116,0.47480875956880136
212,3.3395358067073473,6.460358142852783,0.00412277581730148,-0.10923168111946283
213,3.427277440934793,10.72033405303955,0.11850368487848878,0.32152004191456346
214,3.4098333907395086,9.085826873779297,0.133118856816634,0.30663900371212627
215,4.237900374192821,6.337198734283447,0.04849862151768172,0.3322003828362973
216,5.282618144958246,10.204463005065918,0.08987980574792477,0.9110978084161868
217,5.992216300177234,17.23859214782715,0.17883400748943507,1.5497207912463746
218,5.970971130997271,15.451716423034668,0.165040375792117,0.8220309632818852
219,4.544948399602736,12.553351402282715,0.056350357364435014,1.3473488205656883
220,3.3442525650327433,8.677974700927734,0.1010296733100376,0.8583109490371598
221,2.678808474737511,1.9988703727722168,0.0290921921044491,0.44228240565949933
222,3.2006953526940123,2.2369799613952637,0.03749138302654041,0.09482228788573646
223,4.291946229553013,10.840009689331055,0.19862637552778842,0.43668980696454224
224,4.6564036887315785,9.821162223815918,0.09449332592150139,0.9685609232084714
225,4.960023995168308,13.826579093933105,0.4648178358788914,1.4423734266892563
226,4.8018889958658955,16.050485610961914,0.4857858401789405,0.9586188798326651
227,3.451480141720211,9.416360855102539,0.2533014051068373,0.3677843488605314
228,2.733796191746059,4.694876194000244,0.2153250197269269,0.2286703989475904
229,2.701640510406077,3.05116868019104,0.3224271811892299,0.38788258630909916
230,2.400889928272526,4.960466384887695,0.10977344811313408,0.1477022954739091
231,2.931176702673648,8.071123123168945,0.04590927716763565,0.07921911003015208
232,2.8517779944588115,8.132865905761719,0.1455668881806393,0.0977367943773488
233,3.7085359265733797,4.292140007019043,0.1192332203286559,0.3710440690799237
234,3.3280178711391977,7.660301685333252,0.22008073573026307,0.40313809176636306
235,3.974814916477323,12.10750675201416,0.07879647093462325,0.31567225730811
236,3.7444143405493304,7.7904253005981445,0.1487106146759035,0.26776597645452244
237,4.02382847004321,10.838287353515625,0.5124573473515401,0.8548841157711988
238,4.1330786630008305,9.719267845153809,0.28890870023058957,0.8069961245159872
239,4.5448831955944655,11.716516494750977,0.08967704533048501,0.9774141254145128
240,4.220416607153617,10.043701171875,0.0926667551469675,0.8451299977047897
241,3.1424730884781518,5.4775238037109375,0.025727349377235323,0.3903320550365436
242,3.5764007926294292,9.568985939025879,0.012421330337200276,-0.05284049020007912
243,2.8435095102508727,6.122605323791504,0.031920684887734634,0.32174407333006777
244,3.9898663256510614,5.022244930267334,0.057713901046953404,0.27552695915088954
245,4.512635504835672,6.491332530975342,0.06795700552033322,0.8375463725371284
246,4.345744232820466,11.38838005065918,0.2572629753599246,1.3670018454673334
247,4.205140140257111,7.890620231628418,0.0858223135993604,0.492188499962015
248,3.8758201861896926,9.731786727905273,0.04538046114385574,0.21127910991304527
249,3.53796157060333,4.5783233642578125,0.12343659794991692,0.31898104418627127
250,3.919796157101789,12.338057518005371,0.223465883027184,0.14961587325363826
251,4.175295010804186,10.930500030517578,0.22526735503558448,0.4129255498420875
252,3.837071314794017,7.123900890350342,0.15240676848890436,0.7787647797215391
253,3.0616294372435986,6.483557224273682,0.21689073058066669,0.5316433039176343
254,3.4736506773696187,8.008232116699219,0.06365528493394419,0.35606105545758254
255,3.4260297619710345,6.900365829467773,0.04285582660629002,0.25048155687375306
256,4.750328386646901,17.625715255737305,0.18666597929347312,0.9937925914578211
257,4.351413585206142,13.01353645324707,0.14329241852592994,1.3095855572227424
258,4.26482344492085,10.342496871948242,0.0030875843016040416,0.46777568097781325
259,3.5026288525725793,13.263032913208008,0.015280709863664374,0.7626643288127577
260,3.8223226201557923,9.640997886657715,0.008668758083093442,0.17220535920216162
261,4.017143501635836,9.782236099243164,0.09964256053564582,0.729140128676162
262,3.5226800622814096,8.599286079406738,0.5242153589445191,0.9619050934512039
263,3.8619004279912446,9.79044246673584,0.34729864013337747,0.3528475573637234
264,3.387887176741618,6.901180744171143,0.29206542578206834,0.2867989492386438
265,3.479214554455029,6.601212978363037,0.21005901340327515,0.6851148140324584
266,2.308816876299631,2.8354134559631348,0.04368542652944171,-0.07179114360603975
267,2.921777206148615,5.343338489532471,0.08262703237155516,-0.036717271435205895
268,2.9831456959709275,4.805323600769043,0.05276376580267272,0.007273814496694422
269,2.6672469667570025,3.0647125244140625,0.008659793004915551,0.027092701857080344
270,3.3470033427471924,7.738966464996338,0.17004447314323345,0.1348084910631654
271,4.665392036669902,8.752400398254395,0.41059292235309514,1.0740902985271725
272,4.315350298079677,7.39799690246582,0.19693216080137785,1.457593917561087
273,4.451175672896294,14.132685661315918,0.3300331249530749,1.0846786112243303
274,4.64666597392199,12.060332298278809,0.15954076466122763,0.28542926130516155
275,4.234081239490546,10.55422306060791,0.10481697327916158,0.6350778662723491
276,3.2150355636480215,6.4681830406188965,0.06446781323306784,0.42094578571654695
277,2.741057747281682,4.451286792755127,0.00592640125378707,0.1380866564717555
278,2.581540912378737,6.300753593444824,0.0001647299940429851,-0.02196772862898495
279,2.6920997268221503,5.7367634773254395,0.005926709896376918,0.0650034533356238
280,3.300349069037867,5.592649936676025,0.04703546705485603,0.42331591689629894
281,4.005813025973892,9.79088020324707,0.007178160722474761,0.7886410754616983
282,3.4575743309713007,8.898902893066406,0.0634138306529474,0.4887518295311589
283,3.691353875471907,10.492377281188965,0.029811099016847763,0.7707224782273359
284,3.1220147054287097,6.83924674987793,0.18189462578577567,0.2546583546139539
285,4.030962441436379,10.133296966552734,0.22599457709658802,0.36979051411958574
286,3.844689192286899,10.606350898742676,0.08804708368091642,0.47553356310173267
287,4.477847484852436,11.050455093383789,0.12637696978779,1.3098403182813663
288,5.575485528067455,12.51470947265625,0.5107432840290983,1.1927665801742955
289,5.109774375231476,12.598441123962402,0.5049319020152646,1.2105608286223577
290,4.34352007456477,13.325956344604492,0.20179208322032863,0.5498090396783186
291,3.281355598194301,5.677099704742432,0.19122773353230002,0.14860888754926718
292,3.004389716286622,8.37955093383789,0.15806605505956553,-0.06876431107999563
293,2.4467262614736414,5.900883197784424,0.22319801238561857,0.14818378478535302
294,3.2583987319851366,11.98188304901123,0.13330186706533528,0.49406229044881644
295,3.485426486559342,5.126774787902832,0.20673486107436487,0.7714188824368097
296,3.508776526691993,6.70990514755249,0.25184477217779866,0.5787754847985592
297,3.8348426910258984,10.625306129455566,0.12989372593633058,0.5730741627919129
298,4.297954543944481,11.49946403503418,0.18012524279261027,0.537077791013784
299,4.081423931666339,10.742077827453613,0.08018008843459906,0.9104227960103636
300,3.690015797761026,9.093395233154297,0.1744679766117744,0.8403622393546732
301,3.273937428433859,8.26832389831543,0.28044533697416213,0.454442779997854
302,3.5695009743942974,5.987605094909668,0.03270073547047174,0.8468191973994859
303,4.699502294209061,11.725908279418945,0.10817869735584026,0.9924310053492431
304,4.918261953337002,9.876887321472168,0.08730947631727017,0.8663140396709417
305,4.490274794280427,9.540315628051758,0.47750574151981307,1.4092740456877275
306,5.113682403496644,14.429268836975098,0.2024887028900684,1.1972089706791422
307,4.438822841011817,12.05810546875,0.13908095510003166,0.9296221423027483
308,3.734585761819036,9.94395923614502,0.08881766999272506,0.2709545120698204
309,2.859463980939763,6.710970401763916,0.2547889410331215,0.18061608476608923
310,3.1966357900799514,6.042299747467041,0.01103454896302027,-0.01651940849504551
311,3.5320928029320777,10.10595989227295,0.357376482436817,0.5922619061877407
312,4.989301013900033,10.819866180419922,0.4640234673292464,0.6993800465145108
313,4.1866951266021335,9.442514419555664,0.37652581523494866,0.582800394002467
314,2.3465358213288834,4.115169525146484,0.13172295850430296,0.17067230321229776
315,2.218962169877867,3.631281614303589,0.039721269618633766,-0.044219134992979726
316,2.9393017535029626,3.978128671646118,0.17324823563757139,0.0651866473240258
317,2.7806047342224245,3.1210715770721436,0.2081744744886405,0.718232369056868
318,2.8879758830700295,5.715663433074951,0.03286253607485206,-0.04450995457304845
319,2.851649128217609,4.6694769859313965,0.013588327361768746,-0.06206013130834693
320,2.7698186726215344,6.697093486785889,0.06761228587564695,0.04395494873109802
321,3.9251294435555963,10.699339866638184,0.5660037922665205,0.9227476439107316
322,4.958735544020878,14.171181678771973,0.719278011681856,1.3639238410301815
323,5.296686351562267,15.099858283996582,0.5229879426793965,0.7877440526196345
324,4.362466453892379,11.791280746459961,0.2332222453623707,0.5146478726357655
325,3.5906506962717533,7.153642654418945,0.10797250807926707,0.5658055316373546
326,2.7395847420444803,6.659951686859131,0.02166761438721036,0.10943124360871831
327,3.4879467578626078,7.891732692718506,0.21908145944634014,0.37745903118426205
328,2.943772470105495,6.468234062194824,0.3230315390385256,0.412744895609788
329,2.4760509498570986,2.700821876525879,0.01303614094431124,0.15271508361246433
330,3.464274965368373,9.422941207885742,0.06030072939467154,0.8878425505558768
331,4.035792497335624,7.7576398849487305,0.21684334626482146,1.1270823320573933
332,3.8971588775772186,8.508915901184082,0.28245236782417094,0.9168133527371839
333,3.2257965590467106,3.6836516857147217,0.0675131192172799,-0.0008300482918819039
334,2.557000528777836,5.524683952331543,0.07793756095486229,0.15821882276621207
335,2.591945699561513,5.599104404449463,0.08874440157331578,-0.020945017494448864
336,2.736554058290743,2.7689836025238037,0.05265700066759565,0.3392989690949785
337,2.437343600271909,4.581292152404785,0.03879505802709417,0.05344503341150748
338,2.880446767619572,8.27499771118164,0.07517992928098087,0.031141949747265283
339,3.1127298211450696,8.217132568359375,0.35386244102389497,0.5318955285239685
340,3.5069552430853994,9.50229549407959,0.10218702672266677,0.18758202571776028
341,4.62905960582342,6.067366600036621,0.1333445784904757,1.1057988503572014
342,5.014043163938178,11.329219818115234,0.03164836288759551,1.3682400157709527
343,5.620037153639192,18.91326141357422,0.312079194135776,1.4423932305633618
344,5.775331447092764,14.772132873535156,0.363589822288157,1.0157758211387997
345,4.515901082879384,11.654247283935547,0.47626244218445135,0.7329924764553969
346,2.4459974853659556,7.208558082580566,0.2074154775017851,0.12198184078203148
347,3.2568000270742905,12.072925567626953,0.2457466527537245,0.8026352125181371
348,3.990503887255283,11.520681381225586,0.19859202206223966,0.19143844748737465
349,4.357755491449037,8.50451946258545,0.48875283361117994,0.7267297976706504
350,4.560992277526409,9.049858093261719,0.39416599583490186,0.7246362243017365
351,4.727443310812551,12.558072090148926,0.2587310037186903,1.1122793538504652
352,4.349367218935844,10.063732147216797,0.4171671182394668,0.876716647019715
353,4.561653533358024,6.756131172180176,0.41971336327743164,0.9170201427322592
354,4.0566684117752985,6.194577693939209,0.3165253694894763,0.3345489370262861
355,3.345443911743234,7.9811692237854,0.02392757757776009,0.2359941726797113
356,3.0476538505124804,7.243180274963379,0.10265576080125331,0.15566735604814932
357,3.9396891385480672,6.713204383850098,0.029423020964989062,0.4381190944687206
358,3.3985839194810072,4.152003765106201,0.15228404767911458,0.9605828712348081
359,2.8409109750667785,2.512282609939575,0.3699054143476335,0.4907704941789435
360,3.4756641722228316,9.966650009155273,0.09434003167094869,0.18709653270693588
361,3.24378039606018,8.180153846740723,0.04937628202164021,0.4291250308706097
362,2.9617645921348204,6.248421669006348,0.14431558298049027,0.21920795990759356
363,3.261205977475954,3.2076711654663086,0.12215243611488087,0.15084075267206154
364,2.583091313725407,2.2275192737579346,0.02828118659035024,0.13245398288850452
365,3.2087643464470905,3.1650781631469727,0.20786750007895308,0.12624872346262217
366,3.1609548815846504,3.1344668865203857,0.09437720229721284,0.36866128826214484
367,2.717036022771093,2.570563316345215,0.022612881678900305,0.6064668439645408
368,3.512830006749507,6.542786121368408,0.06459487558765872,0.07332937783589831
369,3.325896548563731,5.729039192199707,0.0032746093382325413,0.16848010954893777
370,2.8112676898698306,5.129994869232178,0.01700090639620885,-0.08705743174652993
371,2.9293579910322665,4.838773250579834,0.09154476210261334,0.04880491298534457
372,2.930721313425586,4.205808639526367,0.17166287841233208,0.1345712850305268
373,2.6958803512658687,8.254974365234375,0.027118157034653385,0.34866639114896647
374,3.263646971088393,9.830119132995605,0.14930798310692914,0.8605751221920694
375,3.9924077685904122,11.670188903808594,0.05678970573497138,0.213018664642814
376,4.208438404343074,7.68890380859375,0.1829932648781175,0.2553143230522581
377,4.534092636418484,12.882913589477539,0.2457619109141106,0.9681589453621212
378,4.2061214768900195,7.639870643615723,0.33808700093651606,1.0383400766866193
379,2.830163881398382,4.443633079528809,0.23026663523800928,0.3503840914379194
380,2.6228941074595022,8.981882095336914,0.005923922731847906,-0.022189897517286034
381,2.9672979558961114,8.219613075256348,0.0806145982630125,0.03142985018229395
382,2.8991360176395604,5.192132949829102,0.1819362727582859,0.24600158087389185
383,3.447206759403366,4.382497787475586,0.020421356161515636,-0.13138464830352675
384,2.7577284518924827,5.7095818519592285,0.06259562368680614,-0.0692069314213485
385,3.1260955626925435,2.410492420196533,0.11714663619659398,0.42632260344640954
386,2.5287248469784616,4.266183853149414,0.11115649646431341,0.362657859423439
387,3.417959805870626,2.426793098449707,0.2860793683301096,0.6432981837443277
388,2.742280195176706,6.509466648101807,0.07973884828677263,0.13541402709944514
389,3.2225798310720886,3.7524046897888184,0.1663491254588067,0.3138958725422652
390,3.1246686290467887,5.921619892120361,0.038048778798988686,-0.004466048890735896
391,4.19124156570466,10.650012016296387,0.3084461804150032,0.32215492653689565
392,4.772537064458421,15.595904350280762,0.5131369919686688,1.2212315137148495
393,4.750423506174178,11.324694633483887,0.35059753525405807,1.2592408580816996
394,5.295497311493562,12.66094970703125,0.17592734888930964,1.150213370023207
395,5.3600942940426695,13.171342849731445,0.04100279840007388,1.2440794968630504
396,5.975546082348319,18.101919174194336,0.0057808425997521165,0.8265662121515781
397,4.565898730604616,12.444405555725098,0.1538953640731843,0.9371188211500731
398,3.690747216084632,9.771986961364746,0.44839133457768576,1.1386027404282981
399,4.296217153983654,12.49862003326416,0.5512065381557102,0.8250219762075306
400,4.040461920917574,7.343304634094238,0.14349039536561586,-0.1486900260683101
401,2.8750031616250493,6.218993663787842,0.048353237664530854,0.3162977082150925
402,3.435126943560408,9.405941009521484,0.19974438785907908,0.7749320296532757
403,3.452631576141455,6.171359539031982,0.0979656917054931,0.5050043860682728
404,3.093823285607846,3.0926618576049805,0.11222611448601919,0.47208231170299303
405,3.576164496254176,7.039819717407227,0.1584944131720611,0.23309694720185667
406,3.958962968479877,8.131551742553711,0.0461310059741751,0.10282814484932346
407,3.8815867370805788,11.596867561340332,0.24377523999048764,1.1203645277251044
408,3.6532129094158177,10.290106773376465,0.09359821376600422,0.6135438514452566
409,4.857452054096409,13.7011137008667,0.029707546555166567,0.5079488128690175
410,4.093366118500172,11.869492530822754,0.05524681464320284,1.0451865539401086
411,3.201144137929701,8.780219078063965,0.09555420242150417,0.8297692235947483
412,4.059459109919252,6.700209617614746,0.00870308469525446,0.1499091639091385
413,4.2252006245269875,9.45235824584961,0.04280398243153358,0.11056911562493352
414,4.271340897710171,13.032976150512695,0.07409533224562835,1.0582538911058021
415,4.480276066405157,10.767391204833984,0.011979564496440633,0.21375282966610154
416,5.050343738605984,11.225513458251953,0.16158241713741195,0.9004592020693758
417,5.404263902342618,13.571535110473633,0.624191346646818,1.421841029495319
418,5.249708491769321,15.205074310302734,0.48498380627140486,0.8519503773754824
419,3.557500713331641,10.001924514770508,0.1825486246133819,-0.11670213296680701
420,2.757012985436755,4.465829372406006,0.11877479548017865,0.18616421132538163
421,2.6623978666702186,8.201395988464355,0.08514533547771203,0.28144863517035584
422,2.631970409588421,8.14475154876709,0.07823714226250758,0.22727481383915754
423,2.688991559365131,5.959754943847656,0.005912259384600474,-0.011176718027031081
424,2.9119786126611666,4.055449962615967,0.10608375808688301,0.12119335625542159
425,3.7944356678405513,4.827291965484619,0.14801166907946198,0.11920569484074331
426,4.121715229833266,7.269933700561523,0.24749915406674816,0.07602090463325585
427,4.5311090270453,10.441849708557129,0.14737200598915715,0.32592891176105426
428,4.258548439942274,11.972179412841797,0.05876301214445853,0.969009780509717
429,3.517979057318441,8.297942161560059,0.04310465977604624,1.2337317406821653
430,4.3987933635862255,10.623544692993164,0.14300783135230014,1.1661812756203338
431,5.258731227609364,16.72585105895996,0.27387322351796567,0.7713905555509919
432,4.5338507295927855,14.014578819274902,0.10671603480931077,0.9755110672799229
433,4.316812502505544,11.830756187438965,0.1710395596994371,0.2791096462389621
434,4.789751003503766,13.82562255859375,0.605453235162601,1.0063922470238034
435,4.626985177389738,10.568826675415039,0.3630401445087999,0.4882820912217876
436,4.097590096727011,14.632669448852539,0.28422545520046705,0.34839993339848135
437,5.20158726683227,13.07078742980957,0.42356021090401536,1.442449930187751
438,5.926578013421897,20.060802459716797,0.35428663915128616,1.4135063588647494
439,5.987943559226333,15.519962310791016,0.25790157827093657,1.591979436324923
440,5.375346390752842,14.527605056762695,0.3313574234383846,1.5359597421020297
441,4.725872353373028,15.840259552001953,0.20796489460516643,1.1892555653878727
442,3.392755134276738,7.331888198852539,0.1069620953469035,0.17049502048108567
443,3.4460623049164556,8.770339012145996,0.306208637102414,0.264494940727484
444,3.514719816645485,3.95245361328125,0.2809654704718125,0.3749556528004457
445,3.367544363189284,7.105981349945068,0.33817123832669815,0.5230674533295293
446,3.322025524983981,6.307859420776367,0.03422865102603595,0.13967896090365692
447,4.208531353028564,11.926037788391113,0.025296382328299935,0.03299284570180709
448,4.287824758376042,11.530574798583984,0.1661722405083116,0.9743726581246777
449,5.528222413366732,14.151505470275879,0.22067609881667122,1.1449512724927853
450,5.2628677298800675,14.150557518005371,0.11284603626440376,0.950441392909053
451,4.204977168450924,6.989948272705078,0.16683960902374934,0.22436830189172874
452,3.0331865006211753,5.656115531921387,0.1528591311816717,0.16749253447641713
453,2.3715916187021717,5.365412712097168,0.02502585755089942,0.17561272763718797
454,3.3529197025208415,9.914995193481445,0.24399830971777428,0.3207505609335918
455,4.320126737030944,6.8497724533081055,0.008788156288796771,1.0913048294716898
456,5.118765016709204,15.362119674682617,0.04682892175788925,0.9273962965389639
457,4.9294100405393015,15.94179630279541,0.11815531196594302,0.811122697492099
458,4.921183741237009,11.797994613647461,0.16732569962875887,1.0875977241772692
459,4.8213102959150005,13.670331001281738,0.12465315654355257,0.29003798667715575
460,3.9131982178307627,8.036368370056152,0.4402779056049276,0.7824192999833685
461,3.329956471073733,11.264447212219238,0.40865501037693513,0.8423787833597594
462,3.466406969062299,10.473753929138184,0.27786153906932476,0.6444855374777632
463,3.5017202436519126,9.67327880859375,0.01917297684513003,-0.01747879330866557
464,3.024938434048492,3.8089702129364014,0.15318900912791125,0.17082191414218312
465,3.6445860324348685,3.800570011138916,0.21390654399444775,0.33051306263474683
466,2.9987652936343028,3.0453379154205322,0.08572850498303856,-0.02623090006870156
467,3.002067936355405,7.195477485656738,0.3740775199974652,0.46674958976130526
468,2.9824432270464376,2.13364577293396,0.03483761610027978,0.12108800807681984
469,2.7853985201279197,1.586033582687378,0.02309611553512568,-0.09291394118160294
470,2.6723810873521234,5.928090572357178,0.01158085109874607,0.11334491935409144
471,3.360504084548211,4.3619303703308105,0.07723338320525067,0.011750920956652155
472,3.471107199385526,7.783514499664307,0.1111203364138041,0.32149908131587884
473,4.268092271301937,11.446738243103027,0.19618218070377946,0.4786685184733347
474,5.00389976516566,11.249102592468262,0.43756790577962035,1.1185402207955237
475,4.822724183288453,11.081223487854004,0.3250421865710718,0.8532341485339097
476,4.025486156134295,7.293125152587891,0.14074139844401573,0.1972305341547712
477,3.49524866882389,7.513296604156494,0.15913093288099087,-0.09735978604584125
478,3.7753595590423923,6.200645446777344,0.027220054635572817,1.1344755847331598
479,3.1252700763971397,9.809469223022461,0.08556965867605883,0.19786769784236072
480,2.564383852298487,3.3678483963012695,0.06210665277770415,0.37241334059263
481,3.506983899434193,3.205584764480591,0.09681485045164741,0.9749853506925996
482,3.5876425520483317,4.113645076751709,0.08195030078126685,0.296510975568934
483,3.14084189253649,7.25193977355957,0.08475339356531762,0.16645684715624365
484,4.581148019550301,12.609659194946289,0.26034641664042385,1.0549742868323277
485,6.503908824652811,19.042293548583984,0.3395615369904154,0.9574365469832489
486,6.531819047849517,19.621976852416992,0.5128878832256994,1.3432310885312506
487,5.251436589780484,13.448206901550293,0.5874426893224608,1.1669541063385664
488,3.7664661229479033,5.137686729431152,0.13129058552957656,0.10050197689046551
489,3.4671357145041206,8.362052917480469,0.296221522151171,0.737962255062805
490,3.607788986643063,8.37720012664795,0.13383361149236586,0.0775528267762789
491,3.9776999238973225,6.03309965133667,0.5177479124582095,1.2039298620053716
492,2.37814696793422,3.5764379501342773,0.029734922904513884,0.05438442269932065
493,2.6298770880862463,5.55971622467041,0.10877599152950687,0.177977662938145
494,3.0002173383586404,7.792813777923584,0.2663174072846593,0.6183948515410522
495,2.5881153653551974,2.0784080028533936,0.0009244438302934207,0.2789474131746438
496,2.9549125589433705,3.4814109802246094,0.14224316322696257,0.36247751850134363
497,3.1642073698434174,4.401688575744629,0.11357337289973361,0.2956732080954157
498,3.598783879593056,10.128512382507324,0.16373903678459498,0.1468953532252569
499,4.139378384302322,12.358141899108887,0.1486259490591376,0.17806939453844847
500,4.221255578339967,11.755760192871094,0.3358831691297496,0.8537241691380474
501,3.7043603113789336,11.792378425598145,0.08835628934077408,0.7654069025697497
502,4.36339199645022,15.311954498291016,0.03908395747793844,1.2611271007651237
503,4.63304953145778,11.734439849853516,0.021008158946123554,0.511575561151839
504,5.011820529311348,10.42425537109375,0.09032301831031535,0.36617806921578444
505,3.9571710773417985,6.42413330078125,0.20441719151385426,0.5659205316422921
506,4.140290240699423,11.289544105529785,0.05439843388432126,0.3555598656090376
507,3.3188246546581084,7.347891807556152,0.04621117684999159,0.5222843509318625
508,3.768102553523144,6.893155574798584,0.08199132040983642,0.4723269761223517
509,3.2278053332868524,7.8034186363220215,0.1186534714087058,0.21344777938090115
510,2.7472435613058126,7.127954006195068,0.09224209807967396,-0.04733872725063771
511,3.1342820415429857,6.253303527832031,0.026214413136378702,-0.08198909058410002
512,2.9194839068231326,6.233431339263916,0.1283946507118387,0.08897941744408269
513,4.6463560560691715,12.6165189743042,0.19638268346863502,0.2629649997001767
514,5.764261091454368,15.854024887084961,0.017553993579636648,1.6197622613997118
515,6.134736917239602,17.317102432250977,0.029755481439579255,1.2976807909976602
516,5.1377853516811545,15.208392143249512,0.2354619833675001,1.1113116851068332
517,4.045903440462076,11.94359016418457,0.4938985158817891,0.9038632917278971
518,3.7259375794988627,13.462019920349121,0.42653122514896463,0.6334341291280718
519,3.379806230780293,7.94268274307251,0.15813638883583442,0.7053746103357414
520,4.22310882794901,14.545541763305664,0.006155599616607724,0.22277431937030465
521,3.2816165744064785,5.973094940185547,0.10113714756579638,0.10143024350944171
522,3.1843422885864117,5.977378845214844,0.02875712981761107,0.23271379671453235
523,3.1508998442816605,5.315413951873779,0.006744673447645445,0.24076638070640677
524,2.981541168082594,7.325587272644043,0.23739135620335583,0.24776722610852617
525,3.3527857024582493,5.492681503295898,0.03608822263920271,0.2279802381248644
526,2.7968742332479506,3.6789486408233643,0.011401992995573993,-0.04581268246291283
527,4.218285260668362,10.77008056640625,0.061734969861132194,-0.12936241460149964
528,3.692523073154378,9.678243637084961,0.22191454612158903,0.11750463337766114
529,4.778259268987661,11.75032901763916,0.026583186527034508,1.429020008927995
530,5.455832855861189,17.921483993530273,0.03664204287999137,1.491276745104975
531,5.532449780812348,14.422964096069336,0.0344966668176871,1.3438877691061952
532,4.704764415472562,12.231795310974121,0.30393098036752786,0.9697306233440766
533,4.209423442458147,12.547364234924316,0.5672303415560594,1.145042343639215
534,3.8876192692509246,9.578028678894043,0.2645693402234485,0.7266151349978357
535,3.6669920837654972,10.50771713256836,0.14928532484571896,0.32238390811564716
536,3.090866190678316,8.506338119506836,0.02794621258546401,0.004662182933611395
537,2.6694495862677994,4.224623203277588,0.14632987213662016,0.10700552583564892
538,2.7451142449387946,6.317798614501953,0.11557359904168445,0.17011953262211282
539,3.508738631455454,12.309630393981934,0.25844294426059516,0.510682409652382
540,4.376242508627528,13.033415794372559,0.4798401556451975,1.1259812061582746
541,3.6439624635648618,8.63114070892334,0.5233719854516773,0.7536426123861499
542,3.448360398266769,10.717307090759277,0.373235603094977,0.7182122330398154
543,3.207244032680949,6.288807392120361,0.1729636979990982,0.7614863494777604
544,5.0267616971255675,12.171720504760742,0.20505813985771082,1.3992259789500792
545,4.811424630397478,12.80542278289795,0.3238035090300863,1.2163655645747469
546,4.234336100791132,12.948326110839844,0.1469922369483521,1.422009051702329
547,4.424410977315847,11.038966178894043,0.15775727062600542,1.176660990363182
548,4.905613975233774,10.540665626525879,0.3926378765437496,0.7593191675045364
549,4.374538517977684,9.492691993713379,0.32584859488474505,0.3233418230007769
550,3.439437405877733,6.973008155822754,0.10132164267224375,0.5329461996015652
551,3.0987698811919575,9.667563438415527,0.01758343063260091,0.3244131140056539
552,2.423445234127109,6.216374397277832,0.08352113435270843,0.2090090045576853
553,2.8150216153918017,5.481941223144531,0.034749866979927976,0.07133253446494509
554,3.5564395021151363,5.9961419105529785,0.050210448295484315,0.39644442329209795
555,3.6195133582351615,4.40721321105957,0.1799767740167132,0.47555532049342386
556,2.989917001556468,9.434515953063965,0.04403448501799381,0.058672169935669566
557,3.9681016483232425,11.244926452636719,0.161964510304633,0.021513043571337757
558,3.7497308519756216,8.846688270568848,0.15192174320097956,0.3210275003667036
559,3.397525142051574,7.363463401794434,0.15773264138296894,0.06889245409541168
560,2.386519580962405,6.402227401733398,0.08126610237501426,0.25897572812225406
561,2.9113186096976182,9.706212997436523,0.14062018718700228,0.2933899521777547
562,2.6917606469172144,6.818168640136719,0.08548534693152934,0.052846560256808284
563,3.0845644714188487,7.1827287673950195,0.11912559147343016,0.07936973649450474
564,3.301462768836073,5.0365214347839355,0.09732337310099752,0.5753043868202593
565,3.9504967304370755,9.475138664245605,0.2770536249442482,0.6012711001936052
566,4.4571218074260734,9.041009902954102,0.22276604510782924,0.5631455907864029
567,3.0007001569280214,6.534656524658203,0.049399421188392356,0.32387773679836157
568,2.620089957729715,7.480223178863525,0.03261089414197984,0.11853697069969699
569,3.768041722439636,10.317410469055176,0.06203128600402991,0.6223835879629313
570,3.9236346317105744,12.049439430236816,0.07101315160011071,1.4072621638583016
571,3.875912349043757,9.983935356140137,0.2814976843051199,0.8339135891319008
572,3.459606006247578,9.3925199508667,0.1288420429175184,0.385463230528868
573,3.707020306577332,7.061366081237793,0.08732131631572586,0.6264107404110528
574,4.6165887187006565,15.707986831665039,0.07168621984080091,0.9375431079851211
575,4.130188930140529,12.151628494262695,0.016306463652708027,0.6978936697181727
576,2.6761875529773516,10.013239860534668,0.008993306273141785,0.2873129291001521
577,2.8836470583957383,5.202029228210449,0.10496203429142731,0.12609891709735757
578,3.2579934978985383,5.680213928222656,0.044045767065938456,-0.07208070270724665
579,3.80947198846297,11.567160606384277,0.32537781931355814,0.5971733768959179
580,3.7053914531626373,10.464371681213379,0.25969945992952154,0.696998944624974
581,3.4310786110929956,10.075764656066895,0.19601425897017638,1.0053552873708067
582,3.094550797251226,8.636029243469238,0.1609768194897482,0.0861512451106766
583,3.206757801166658,8.536850929260254,0.06330277844085806,0.43403617169092945
584,3.5284888047831835,5.589590072631836,0.11509414736301093,0.1975183787196319
585,3.5161121915116578,5.934169292449951,0.128598913227586,0.7428296197427706
586,4.87350688956211,11.189848899841309,0.39179901337586864,1.2248064756790726
587,5.889371922311058,15.643495559692383,0.6240034888877475,1.2127205948332942
588,5.859093955092846,13.15358829498291,0.7608906083685344,1.3438121229805173
589,5.366532178657787,17.22593879699707,0.708683441827654,1.3630755049520822
590,3.5987251423760873,11.506828308105469,0.4594741685919965,0.652123167919627
591,3.4773093440540563,10.323184967041016,0.15222065950322564,0.8338908914943008
592,2.55387890398821,2.566265821456909,0.03136691738146569,0.00407340497685448
593,3.000067077433146,2.509134292602539,0.3771869523782949,0.6429375262201498
594,3.177828547116445,3.9014925956726074,0.0873941565308559,0.5729900481223185
595,3.477536050320734,7.564553737640381,0.09138348243274226,0.36010285511054013
596,3.1069309590225185,3.9963033199310303,0.1460130060724188,0.5177785557720413
597,3.5812054572627035,6.323535442352295,0.000688616949811374,0.05069831445061382
598,3.6859217854685675,10.207585334777832,0.08439789416587345,0.5552392441398882
599,4.1575269173847795,10.022966384887695,0.22665539822206376,0.3970696011276435
600,3.776178497706281,4.331442356109619,0.12430460926530744,0.43710777352499414
601,3.213470625422923,8.254646301269531,0.2251723426710124,0.5619670570638222
602,3.7565634005011725,9.001741409301758,0.5807916501063423,0.947118911494491
603,4.175621609956957,14.277078628540039,0.1166186600222822,0.3332450995016908
604,4.2953195720247415,8.577898979187012,0.1093217920274469,0.445870950638544
605,3.669111328335373,8.692377090454102,0.22958245053213047,0.9686675136270038
606,4.341304272660726,10.121195793151855,0.1275015110598771,1.1525361559667386
607,4.3999906757769764,11.511822700500488,0.1516370099643914,1.2794372230388151
608,4.752439142968823,12.722731590270996,0.38561467478102984,1.1934138781218198
609,4.3189788531496625,7.436503887176514,0.31051479347092514,0.2975311877374763
610,4.31780823713937,10.391596794128418,0.2544950231399587,0.4837579560021683
611,4.324903202185928,11.233966827392578,0.3854424252474247,0.9045338607593558
612,5.080275738547974,11.57498836517334,0.33493085537524486,1.0284113314398766
613,4.606081278261292,14.268206596374512,0.12483206808307576,0.9027350361815856
614,4.55173620982433,10.459630012512207,0.18586959963594324,0.7108195625092735
615,3.9712564938861106,9.715871810913086,0.3303534074180858,0.7733621318263937
616,3.6238028747826467,10.092391014099121,0.37584364272648324,0.8935783541949254
617,3.5644512356792792,11.050375938415527,0.306491241457347,0.8734482604105597
618,2.734690341495837,3.554018974304199,0.0802021552521143,0.2710419458174353
619,2.6276711748672152,4.8004469871521,0.07319280299105207,0.06011356909215589
620,3.1845922132251197,5.661704063415527,0.08330099811106706,0.4153927293794993
621,2.878167722650548,3.6330740451812744,0.027537591377260473,0.16700340531660568
622,3.222896168362449,10.561941146850586,0.06953940412798228,0.10880357693720288
623,3.8563111194318895,12.168220520019531,0.4057681041704155,0.8560203615465779
624,4.515549961392495,11.899739265441895,0.6055952977518109,1.1638381513197713
625,6.649654306031787,18.216651916503906,0.2976578274508169,1.1396164844923031
626,6.904129855261158,18.72422981262207,0.1312237845701219,1.5828174187167356
627,6.800908593982488,18.25506019592285,0.16943221263745722,1.4673179732756487
628,5.829452909980961,18.29882049560547,0.23411656294667077,1.7900614822851746
629,4.620497761287238,13.485811233520508,0.0700085641189384,1.1909907089185847
630,4.028669344199886,12.761380195617676,0.14109298175333376,0.6805321509114909
631,3.419997672187403,8.225493431091309,0.18537123614544812,0.43406600709160437
632,4.193760795204011,12.55278491973877,0.09391148511507266,1.122434422914185
633,5.038611848328386,13.501763343811035,0.05446405633780619,1.4083004119724358
634,5.398780924596216,13.8416109085083,0.01978838665989487,1.126581451762793
635,4.144328537975533,12.344740867614746,0.004310328855176855,1.1946788180955465
636,3.4633625605033296,9.44314193725586,0.2677377547189453,0.5523517290798339
637,4.054155159126656,11.300222396850586,0.2705003836345383,0.23546760578583703
638,3.030501532629629,9.277531623840332,0.23972204297566954,0.03167082988421058
639,3.211981469633144,11.306737899780273,0.16045077753110992,0.38615393898912026
640,3.650633263144539,6.399050235748291,0.0646185309256622,-0.05272726800860712
641,2.778815876615166,5.308028221130371,0.09473870996909468,0.245493494672183
642,3.101009868888866,6.659296035766602,0.010792392180866356,0.4682666711144561
643,2.9369163665774964,5.79288387298584,0.08264630906001014,0.4595820998867776
644,2.6931528955243187,7.134129047393799,0.08999899691326242,0.10964323286391481
645,2.3217764324608,5.42419958114624,0.023220479211660438,0.026941109602451146
646,2.8152601394285903,4.95034122467041,0.10410040866334049,-0.03241860959928819
647,3.0591240645870013,6.6072797775268555,0.13278676019392868,0.26014600461957277
648,3.622900632921038,10.319177627563477,0.1698693859438077,0.655689218632454
649,4.392522195774927,11.51052474975586,0.36689915052523425,1.104029411000142
650,4.7905075008503655,14.626344680786133,0.18403285883815287,0.62708401629859
651,4.009632343894736,12.197781562805176,0.23186317908023998,1.050328329407114
652,3.2290767586262206,10.204718589782715,0.16845832954220175,0.3577171069273474
653,3.0982648164830473,4.434573650360107,0.10704390713757,0.20294734965084946
654,2.5410876030113014,4.44570255279541,0.0029339479321338754,0.10918381059016137
655,2.9294664525583136,4.569972991943359,0.1411350282813167,0.05459634389596183
656,3.205577759618086,5.237825393676758,0.13058341187198497,0.6733108043721914
657,3.5101590910875875,3.7356345653533936,0.13716354276061468,0.7348096356411793
658,2.8883672260619355,5.410102844238281,0.06751406063423675,-0.08356526850909919
659,3.275273208133769,6.5324811935424805,0.02318631325099829,0.5740616694054654
660,5.092020645551082,12.136133193969727,0.058785865287136384,1.632044561604737
661,6.438535232147865,14.321273803710938,0.1448995442488387,1.7283482178069967
662,6.508772397943103,17.83594512939453,0.1921741827336604,1.6780984309452698
663,5.077107852658094,12.693079948425293,0.2970416417044677,0.9882945334865212
664,3.0815300796174614,8.242920875549316,0.13043661926950859,0.6141297831066073
665,2.773071172516272,4.589752674102783,0.14050212560875833,-0.09402679384172184
666,3.4173351442714974,8.41989517211914,0.09913640289813362,0.052937081447016525
667,4.161844984906492,10.513824462890625,0.13780294022565995,0.4516757920348661
668,3.996273700540131,9.598553657531738,0.284289339906018,0.7565253648446061
669,3.7589136681531876,9.987390518188477,0.44938580487749624,0.9906746315437652
670,4.294761476298699,14.972247123718262,0.15823462042522754,0.25751538316909084
671,3.3871353118900975,7.690561771392822,0.3918575740399208,0.5921632845537621
672,3.690381158097059,12.080159187316895,0.12196784672864022,0.6495788049102394
673,4.397580695125041,11.761852264404297,0.2670427669882076,1.321301424774153
674,4.796598481850217,15.125142097473145,0.12472327576026908,1.0655780091401743
675,5.277292763390395,11.341858863830566,0.10508097847235993,1.3449258780628999
676,4.870345134743773,10.504536628723145,0.39700493991923774,1.4679360994314543
677,4.697352932608593,13.544551849365234,0.36914321988998117,1.0367073900311765
678,4.72244588949539,13.704779624938965,0.457259963551456,1.1134890541871005
679,4.557918620870375,12.547982215881348,0.39317431284363674,1.0422729145344662
680,4.568449567644887,13.674664497375488,0.12574556232840703,0.867805407041375
681,4.7811318298033605,11.125553131103516,0.09848911422916679,1.3721871279393294
682,4.362768727779447,14.151276588439941,0.10210987520696341,0.6722208333120566
683,3.5427186026213264,7.166178226470947,0.36807731140897476,0.7706317797471401
684,3.500410280226168,11.778055191040039,0.5040171186156498,0.7094714774651819
685,3.5795024332207555,9.723396301269531,0.11465838450800478,0.023858628922255296
686,3.6344642806767453,10.119053840637207,0.010792489148492622,-0.00977550298976716
687,3.762192039846946,11.549243927001953,0.004398383280229106,0.246255753416198
688,3.3809954132399507,8.58625316619873,0.0672233777046827,0.5111027582418409
689,3.5758342438654056,6.023304462432861,0.002795205304947535,-0.02339983087414525
690,3.0190887402351287,4.239951133728027,0.05226656719587345,0.051697275038383755
691,2.775432016765153,5.30770206451416,0.00811838293726602,-0.00043967854189394577
692,4.128263602716414,8.401684761047363,0.05829613478887388,0.1250663069207885
693,4.604563089974096,11.708127975463867,0.31326140961925414,1.1128628445443387
694,4.875411024321262,8.898751258850098,0.0965797147523412,0.7520288508205929
695,4.72866175220807,13.404983520507812,0.09058271842674126,0.797886988165862
696,3.64844700024838,7.419229030609131,0.19981457580183756,0.761449173062062
697,3.1523806124449507,8.01939868927002,0.1887210942152487,0.12620072131793128
698,2.750550162188546,4.536365509033203,0.013796909607254862,-0.04481119208140543
699,2.7219244930629936,5.91513204574585,0.0927316440461279,0.44334856404708467
700,2.2178332911695184,3.5661911964416504,0.04314131482851182,0.0853729923667877
701,3.2113497947154492,3.7352094650268555,0.02714893469005912,0.12886206235142092
702,3.074822365861768,3.5383334159851074,0.4106987395295402,0.5528129262905583
703,3.880582552790406,5.396945953369141,0.04160361089646282,-0.09478888888805845
704,2.9348302855648662,2.959507465362549,0.05157773037703131,-0.06349669928986022
705,2.7316048518165195,3.9054174423217773,0.013074113890371497,0.05646946830276108
706,3.1774719950118135,4.72056770324707,0.06832176243368909,0.05005670367448029
707,4.122451272720891,8.383101463317871,0.1316087481610155,-0.13893766443330885
708,4.073633829330868,11.827402114868164,0.08833930685498856,0.20091735555421572
709,3.629894559179092,7.619349956512451,0.16306969408429256,0.5646964364431302
710,3.688733803476698,7.619956970214844,0.015373545933606179,0.10632668018503959
711,4.265965733356732,7.189454078674316,0.11056910915916435,1.1992271221756021
712,5.311757306619558,16.69976234436035,0.06989698966475355,1.0764500433330464
713,5.011452390417722,14.143407821655273,0.20585379788079725,1.4223108442997987
714,4.063472576096265,9.97787094116211,0.19873189233516472,0.6135774415954879
715,3.5702008058632835,4.792035102844238,0.00320610813103962,-0.12307452975599696
716,2.8136327091468982,2.80777645111084,0.002525738655780505,-0.014688198399256563
717,3.001615421463883,5.43951940536499,0.013162351811093558,0.10490139015839614
718,3.348761175796794,4.441200256347656,0.39988048874545523,0.6089523119324719
719,3.8931293282123858,6.928868770599365,0.4506692551781665,0.5609265290862321
720,3.0734777355749934,4.02738094329834,0.40821364039517366,0.6870621938240726
721,3.950279914745367,9.102984428405762,0.07865688937059928,0.45037894073174495
722,3.9114544830886455,12.095206260681152,0.13662718131914434,0.44130493159707845
723,4.134308056770261,13.613231658935547,0.25568697490627107,1.1429082435742508
724,4.238149539857833,11.773133277893066,0.599059756226819,1.2508498873942095
725,4.5279492698216135,15.778658866882324,0.4380169276043806,1.407167433880551
726,4.531282632004239,11.840888023376465,0.22852863431634468,0.9043023590560284
727,3.9619239924479586,12.057005882263184,0.04733732671831904,0.1019824914905071
728,2.9472854561023984,5.352275371551514,0.2150934680076929,0.2057481296412939
729,3.716217581286985,11.479179382324219,0.13151490075143082,1.0529507389628008
730,4.989106768695775,14.387255668640137,0.24521070201598824,0.9636982692650488
731,5.784029946289396,16.559446334838867,0.41430391646054515,1.525647206935295
732,5.600733139293442,16.92420196533203,0.22120825770655406,1.190011943372967
733,3.3101255421181968,11.123902320861816,0.2028913936684655,0.3171915956673074
734,2.8578246136694854,5.11165189743042,0.013526959988284994,-0.022055303494650798
735,2.526336222485365,5.629505634307861,0.037740093874109516,0.016851709524597552
736,3.1524929148365235,7.472856521606445,0.07800339774960217,-0.09388679259703836
737,3.306099922220382,6.355075836181641,0.09693092651241236,-0.025699584089771563
738,3.2349119917065656,8.479879379272461,0.18892512244119902,0.5577241092723589
739,3.5347829546402028,7.022947311401367,0.43268492406170345,0.6600767870151623
740,4.081230871192666,7.240413188934326,0.45026016138941444,0.6194251210801951
741,4.459945235994582,11.014084815979004,0.3861129180372236,0.48488452531685117
742,4.464976384256914,14.717766761779785,0.2855614700862369,1.1435174599723532
743,5.039032071828532,14.827892303466797,0.10347610452283212,0.7527626566073597
744,4.6885502527998035,14.157288551330566,0.12786441103830168,0.780180438704408
745,4.305156717570544,11.114581108093262,0.045737094285780266,1.0184195225898316
746,3.702936439184557,11.783788681030273,0.07867856297725545,0.30622667615760635
747,3.182602349800636,9.014220237731934,0.09889383970417212,0.35487448341235317
748,2.396813256563206,4.794571876525879,0.011296510255124168,-0.010697662343495814
749,3.3833744117363302,6.771318435668945,0.3193429340977398,0.49562595863170655
750,4.8769857054463035,12.246246337890625,0.16772223034248895,1.1945797835180039
751,4.8274851444058084,15.51257038116455,0.13624963210000535,0.9001094362203176
752,3.135337323168784,6.297387599945068,0.10975769250774935,0.19419642144438604
753,2.8255947751858277,1.688724398612976,0.14608777018478625,0.6179646675790157
754,3.9607747425031903,10.446321487426758,0.33547136010117096,0.5531433562858405
755,5.252596013153849,15.043879508972168,0.5408686837796177,0.860850009063469
756,4.823875346296835,14.436680793762207,0.6314491764497933,1.012809409489532
757,4.338379808647855,11.409811973571777,0.403553613254688,0.8110102626116477
758,4.011243236591193,10.304326057434082,0.2124872857302326,0.6311701670707489
759,3.2457747313964953,4.1666340827941895,0.13362157288273088,0.08942588234093056
760,2.789243656153722,6.64168643951416,0.03107803784707251,-0.03140687147440372
761,3.057081136864421,3.1628129482269287,0.14227126964458167,0.15635180001294724
762,3.701217401529178,8.288103103637695,0.09693792730387792,0.14611723504044824
763,3.6737368599433062,7.756454944610596,0.1131898588758136,0.3586018408792893
764,4.656383086407551,10.49262523651123,0.4106604973318191,0.9936500253622187
765,5.170059705522303,13.337103843688965,0.3662328114147228,1.0246104654289119
766,4.278556796936379,10.289006233215332,0.17346391880674356,1.018099333952444
767,3.6081073516537217,10.003872871398926,0.021756207392200064,0.2416306165623766
768,3.6672464166593772,12.357107162475586,0.02437291774241771,0.6880047423357729
769,4.754864028488115,13.738790512084961,0.24858748416061277,0.9778302605725596
770,5.858512965525683,15.835503578186035,0.49437076896569193,1.4188826077258434
771,5.089399742455667,13.224874496459961,0.4116545031133027,1.079327778185822
772,3.453663932156155,8.822230339050293,0.08092379820450192,-0.05279266157565664
773,2.8545452697778817,6.087518215179443,0.056830664351163254,0.22549898451801598
774,2.9132933776578946,4.281774044036865,0.12013530193856702,0.18003919424930753
775,3.0878517001197836,2.0866241455078125,0.042759244883197656,0.2385025065947026
776,4.141941978658572,10.12053394317627,0.01462061993851503,0.6186231236150841
777,4.446431160154966,15.016592025756836,0.19676142058415655,1.0887749075505266
778,5.029295918960274,12.978133201599121,0.49256387999835677,1.3763248946563083
779,4.964867926954858,10.322056770324707,0.37522301962117444,1.361191137686919
780,4.084417005942798,10.279476165771484,0.04300321222214516,0.6446522101497724
781,3.8599813141144,11.10110092163086,0.02022035847147764,0.07481459728131228
782,3.0473987416867314,6.090768337249756,0.026631489509674006,0.058560577964360996
783,2.6379130328856073,3.230398178100586,0.0057387947023101,0.02872555477969617
784,2.8425614717001086,6.547390460968018,0.08522235994066615,-0.09043445740662043
785,3.2394935953463646,4.9905781745910645,0.18385381158172212,0.29289867762518135
786,2.6667254386910075,6.913764476776123,0.06273855061976796,0.1062274520763592
787,2.6980391051456176,8.772469520568848,0.12840499067261632,0.12784745957308344
788,2.9687304109003727,3.0473992824554443,0.231993988401241,0.21733372879103907
789,2.9076212419438785,2.2468390464782715,0.08035596740039633,-0.03135117115610657
790,2.9036277071414993,5.636367321014404,0.18712190754795624,0.11192537557372075
791,2.842273972762333,3.5451722145080566,0.03270011554765825,0.11955844337452382
792,2.499800491557021,4.691235542297363,0.02495439991471524,-0.0285914814483986
793,3.2911330345785026,9.017589569091797,0.057821547313207204,0.23548627961718346
794,3.2538372798155173,4.59212064743042,0.1685590280918392,0.1189510934594174
795,2.3154301693111483,1.9892032146453857,0.02715674559303199,0.09822938838933569
796,2.7922965971967977,3.723590850830078,0.11798640954055277,0.07675939376359932
797,3.6711651824342604,7.848580360412598,0.11020177330749131,0.46886174180395546
798,3.7529105251974326,9.695963859558105,0.1125805507088497,0.5920673165466703
799,4.95582933101693,15.11097240447998,0.20663703951318096,1.1154174657199718
800,4.657181616503931,11.872199058532715,0.35174802851756454,0.9686587774565993
801,4.573648669945924,13.978093147277832,0.09734814739342554,0.2820862585043586
802,3.171761801532905,7.589382648468018,0.02236583994121733,0.1888379434227575
803,4.011395927242953,9.214309692382812,0.1207662195773066,0.5644854358956864
804,3.2340012514687784,6.355963230133057,0.22857572390078906,0.43430367892355337
805,3.2895929761770755,10.015716552734375,0.20564388810756762,0.26632548111330784
806,4.37564201506039,11.813614845275879,0.2543769925480292,0.9496344062882078
807,4.786010400564513,11.948175430297852,0.14263084961433697,0.2931323387173471
808,3.457984631622873,3.1149308681488037,0.16598712164178323,0.7934032098945792
809,2.5260632367131466,2.6879193782806396,0.0013800531787000843,-0.10917003290693733
810,2.600192842159669,4.481394290924072,0.08063306626055797,-0.04816763621315762
811,2.429913187454783,4.319125175476074,0.14357976661413335,0.16289233848068904
812,2.7349901410190247,5.460718631744385,0.08290957899562926,0.04831718197399698
813,2.5970262573999845,7.14063024520874,0.0035084289465490844,0.08952806375413677
814,3.6864275329289913,9.288182258605957,0.10129386376755865,0.7725858400993955
815,4.532867383756448,13.193068504333496,0.3258804454096997,1.1054219656234343
816,4.543829162362398,16.226512908935547,0.15986325589094055,1.0556287581458463
817,3.986702241105791,9.709668159484863,0.3600606226516307,0.821187395666219
818,3.7211351689374697,7.525492191314697,0.23216759605121284,0.5753358033178211
819,2.759187572674923,8.902145385742188,0.12666407912412284,0.1466023721067351
820,3.297927942203467,7.286388397216797,0.1880375411825259,0.3786309576144181
821,2.3124218332479733,4.210202217102051,0.003503154233640708,0.19791795129353246
822,3.1275580261385056,8.292025566101074,0.03903753119897135,-0.1029114478619911
823,3.328081020392259,11.463223457336426,0.0019495932129011584,0.06396505680135453
824,2.7359983570814888,7.074469566345215,0.016487597702696324,0.1427531265213583
825,2.8410341656060525,6.272339820861816,5.948964218272588e-05,0.3366675522018751
826,3.045580832676186,6.859659194946289,0.03330536766611228,0.10005038549199276
827,3.2369633666016324,8.985344886779785,0.019951745189814754,0.4266580911006925
828,4.40500814958494,9.273077964782715,0.02991805402513432,1.032509771725382
829,4.095835725283805,10.678902626037598,0.04320945308033762,0.8767607957697755
830,3.362513660031884,7.323095798492432,0.017114674460265048,0.5403440664455417
831,2.8515421451573073,8.043864250183105,0.03462303615013249,0.11397350926670244
832,2.513152277432765,2.1384942531585693,0.07151094370430852,0.18118672735255317
833,3.080788788908149,7.696253776550293,3.440287005634395e-05,0.321947128752519
834,4.43576587472278,13.65188980102539,0.3086371062997953,0.796132279078829
835,4.953820132997722,14.326419830322266,0.24657460409811735,1.024159782359615
836,4.2296018640492345,8.072361946105957,0.26433456233376024,1.0099350001238743
837,3.1543693632479317,8.495718955993652,0.03488552735714648,0.7336466003442278
838,3.2955653621682086,9.122444152832031,0.05018718423469866,-0.02208217278082976
839,2.940714539204606,7.60351037979126,0.0618643194418185,0.05503944261710677
840,3.7054147916458398,8.446660041809082,0.06762408859064223,0.024239584255509185
841,4.273427478247301,12.934901237487793,0.01251748157686043,0.6748615444517034
842,4.881545615325423,14.045597076416016,0.08644781367070303,1.4012521177379371
843,4.442263214869678,12.325078964233398,0.008813223172010437,0.6201132639405468
844,4.0754951149018765,16.429601669311523,0.019845191096737904,0.9228685922133345
845,4.136837902814089,13.347490310668945,0.011562591989079395,0.7853266494155425
846,4.603390187558409,9.300491333007812,0.06055908796097417,0.6930278486680231
847,3.891312647289309,6.742724418640137,0.1784386757053641,0.26418211647311274
848,3.776631656929259,7.613816261291504,0.18159235846808489,0.6382125787598878
849,3.3802902040978524,5.915082931518555,0.08367575340701049,0.5779447593614642
850,2.831651751168898,5.1314897537231445,0.023191546701714357,0.07243098957796784
851,4.064727830072901,11.97848129272461,0.07851392433756625,0.5610123619040832
852,5.238660372694067,12.71932601928711,0.45055717059863676,1.2243379356877997
853,5.539999643360972,18.142900466918945,0.38644604049743014,0.5397424189643465
854,4.289130591297285,11.075474739074707,0.3389338289570122,0.41807419204411445
855,3.8986151368130417,9.193046569824219,0.34202527788944015,0.5029659637008402
856,5.099808853808247,11.452248573303223,0.3234767115692572,0.5004544247204519
857,4.168030523161215,12.478852272033691,0.40046483178864484,0.5624660006867813
858,3.455759275045085,9.583701133728027,0.0726395762835587,0.16245707958761776
859,3.668246889684601,9.285843849182129,0.0830455755693277,0.11712825405840331
860,4.612206435560049,8.129691123962402,0.15424947550155457,0.7946622525301003
861,4.1115788137458615,8.339020729064941,0.07824837564385624,0.2800154540564046
862,2.9534234009613556,8.323655128479004,0.00981230443530037,0.02582312334088651
863,2.5594644474630264,5.736949920654297,0.1568953807125253,0.19554057264402458
864,3.279115876259696,4.015745162963867,0.02021325293114774,0.27437162609746396
865,3.118875314513703,4.934168815612793,0.09115719070251506,0.0520738896397191
866,3.1029120952271376,2.542980194091797,0.021429410152691373,0.1452417004257047
867,3.960814942063122,13.666475296020508,0.08595812811490465,0.8070308585889283
868,4.771325413571195,15.710440635681152,0.13384039334579353,1.2767565660326288
869,5.645543995829567,14.977949142456055,0.47896778495489,1.3322195262666052
870,5.298762287706439,12.069867134094238,0.6863022503856113,1.4188361321688052
871,4.321649232309646,8.37306022644043,0.4156190128320697,1.0601639380838148
872,3.9828114651614297,10.705411911010742,0.15190398220036086,0.4958650712814315
873,3.689963945595521,10.478121757507324,0.02177946585347088,0.19530088588645533
874,4.642860432930671,10.629408836364746,0.12555675263896018,0.5061319794391349
875,4.801888417235812,14.561140060424805,0.39484729751756714,1.100492865508904
876,4.366922378630291,10.482085227966309,0.5312967435770037,0.7497092466834906
877,4.098673140836438,9.917684555053711,0.037378023751807356,0.3657337722845905
878,3.8434004481625146,11.842677116394043,0.003680325591468083,0.3188904415958671
879,3.363443913094239,5.8471174240112305,0.06203281897615451,0.4499406054283355
880,3.237775993739174,6.592177391052246,0.20712530718803768,0.26852849381816213
881,2.4877670502584177,4.427737236022949,0.033701578521290895,0.13709340592624447
882,2.658650543641005,4.531652450561523,0.10038718822502911,0.0772487757963235
883,3.437042929120846,6.879274845123291,0.10595080225093272,0.1485428021208864
884,3.3637293533710175,9.233932495117188,0.5606087273150618,0.9828720204720955
885,3.86144299729823,11.57048511505127,0.2949594989881729,0.44335966469187854
886,3.4013188638044936,7.16153621673584,0.19049309801835015,0.37171550445829465
887,3.9157507274460683,7.661553859710693,0.26675507607138027,0.8728749123325016
888,4.498349144836865,11.59375286102295,0.1817799368170333,0.767412371542371
889,5.02501638682216,11.531149864196777,0.04348155947060459,1.168872668402305
890,4.371494961057854,8.569879531860352,0.049002213973133174,0.8562804023273651
891,3.516546048651604,7.579892635345459,0.25990202517316446,1.06621609256733
892,3.474622706690865,8.067277908325195,0.052209397546761176,0.0805391326727497
893,3.980878720153336,10.983589172363281,0.19233502331865066,0.350282961812165
894,3.952325717558918,11.733473777770996,0.15342222439948353,1.02094055750614
895,4.72245201503177,10.246323585510254,0.2302218294541894,0.9525567822021365
896,5.132312070044338,18.73345375061035,0.39289167172699613,1.3616111195725762
897,4.6907862031133165,14.245786666870117,0.18973681663825195,1.1778471327014823
898,4.031003537246436,11.485234260559082,0.3329899480395456,0.9031975098341164
899,4.060343307571178,12.276784896850586,0.2961792607385427,1.3630810888414415
900,3.8460007610316995,4.517752647399902,0.07691561885377472,0.7714070460315768
901,3.8756160226369696,8.558732986450195,0.03304792525260505,0.6363478317393652
902,5.054926105569732,11.301190376281738,0.004479592787066579,0.8518258391184947
903,5.119644481615283,15.793793678283691,0.03666615465354227,1.2153712471384432
904,4.846141623214263,16.929494857788086,0.02202614582880269,1.2360085549347042
905,4.070804841062729,11.795380592346191,0.11722633058354776,0.6000020833542313
906,3.7968782716614453,7.937130451202393,0.10664404366227857,0.04065284942540015
907,3.0865863018755633,8.504110336303711,0.055662156454453604,0.5255808355449088
908,4.163816101266462,11.957221031188965,0.2003602834112505,1.299442159855239
909,3.230560291238707,9.402679443359375,0.10480417145684416,0.4116404428541207
910,3.800205945884631,10.24494457244873,0.21542768017277994,0.5131648554543575
911,3.2874318482709723,7.5464091300964355,0.2643065090201352,0.45011289844662866
912,3.803735583229388,9.0833101272583,0.12250444508243746,0.335080080176518
913,3.102377722499986,8.436269760131836,0.024773659926701913,0.16114037556392838
914,3.748850773405488,10.926084518432617,0.05666682892802931,0.20739536937404174
915,5.903152975246829,15.729755401611328,0.27274994861854307,1.0052191820040108
916,6.755997232348898,19.098787307739258,0.24723259433327338,1.3599853707860248
917,5.294633758993177,14.650578498840332,0.19298093767432312,0.9945987692231392
918,3.554050323386042,4.673298358917236,0.007623006939753394,0.05245099079312631
919,2.5079660346328976,4.533097267150879,0.07258038990694424,0.0579405759773448
920,3.0621361479792535,7.664802074432373,0.009605619990596611,0.37570961998823316
921,3.9523360253981106,12.320050239562988,0.04010919311317823,0.02361921685172351
922,3.3055077330965905,9.298148155212402,0.15472105128587357,0.5867692875590508
923,3.704773234333987,14.336647033691406,0.02496864318476869,0.8166240280853221
924,3.537254162094136,10.576456069946289,0.02546597967852969,0.6288477448844931
925,3.868799567586472,7.945422172546387,0.26976369983487547,0.5703029415246741
926,4.462122679135266,11.948551177978516,0.4853367154094482,1.3013600958703315
927,4.462273039570258,12.97413444519043,0.4296598333592606,0.5973530758651389
928,4.132233301185456,11.240245819091797,0.16457418828914677,0.5237686373640944
929,3.725151723545878,11.460670471191406,0.18580753361095848,0.9457392815321191
930,3.542627470134791,6.761173725128174,0.08180712965530282,0.21547687371503665
931,3.5565341148511047,7.990220546722412,0.18558166065654064,0.5125492079688012
932,3.6455178064913345,3.4142210483551025,0.09996450832827108,0.3976619692604041
933,3.0980064160835274,5.390005588531494,0.09460124080284253,0.015434284299952371
934,2.8498289888262804,1.6976773738861084,0.08676356410800848,0.17156424292472425
935,2.4840308178981707,2.1154932975769043,0.05497404035663511,-0.021665544059430813
936,3.0390126519858955,8.634199142456055,0.010006815670383033,-0.10962948235044384
937,3.9265990292164097,12.208703994750977,0.09714725857581598,0.30565447524768957
938,3.2349366205427748,8.995104789733887,0.11524124777165175,0.5174417241642354
939,2.998112856327256,5.659560203552246,0.07061228257044123,-0.030312439507847306
940,3.8001358910802194,9.868700981140137,0.08584064771937538,0.5643312243551272
941,4.521766887893855,13.05175495147705,0.11960107714310293,0.9870452464463138
942,5.275158570116678,11.68679141998291,0.012501487831757866,1.2016541586278593
943,4.893002149414226,12.9800386428833,0.05192190428574978,1.147925335042356
944,4.78559139240473,11.402122497558594,0.21333278935693112,0.9447014115477189
945,4.71651679679613,14.367109298706055,0.18494953888391924,1.2379453323246528
946,4.37852306380969,10.39716911315918,0.1767205273784901,0.710188468102768
947,3.5887121733379597,8.636775970458984,0.05410943760356189,0.10040421556753129
948,3.3483119716312264,7.49329137802124,0.10107951607387249,0.8231986576103286
949,3.782476647797144,6.880840301513672,0.06586830771866801,0.11846456639708793
950,3.73605376804719,7.289648532867432,0.2857312344906787,0.5798553315048327
951,4.639244959744093,9.527915000915527,0.18389528319161624,0.8400100291603179
952,4.153551477097042,11.120630264282227,0.13324322308005299,0.9431791892076443
953,2.9290492366678897,5.297306537628174,0.2381139206627144,0.23417201645979363
954,3.565048665202464,6.567432403564453,0.006174203345051948,0.11611714133934874
955,4.356518316745677,10.919490814208984,0.19526671864882766,0.3182140431694391
956,2.9473803525751943,6.697171211242676,0.05624426413869197,0.2947177869389906
957,2.8737939583173167,4.212401866912842,0.0034204053887148117,-0.004812526466167061
958,2.267047013179424,3.6878533363342285,0.09007267523637952,-0.054471205461203785
959,2.890786107499568,7.42764949798584,0.10692663062258924,0.05082266692194712
960,3.8867382449289285,11.810310363769531,0.15527764051661233,0.3023003179215153
961,3.8445589003616574,6.6591877937316895,0.19188739074072464,0.31932359152276224
962,2.511083626958575,4.101738929748535,0.04369882048895628,0.017293112422633344
963,2.4669936337825975,2.3702659606933594,0.023447929809023115,0.14153468069423858
964,3.5554263998969824,9.644834518432617,0.16972759580174152,0.5547669620382745
965,3.690836743417252,11.604372024536133,0.16358193897726622,0.24514888909746801
966,3.5238573748143986,10.62649917602539,0.00625369350653654,0.57703258090557
967,3.9471052238218003,6.609203338623047,0.16886754815993202,1.0412055648307115
968,3.540922138069013,5.032816410064697,0.12768620695571548,0.8063069053037407
969,2.8659140380415944,7.2300124168396,0.12363887487816293,0.21997964100041248
970,3.599117886523689,8.1217041015625,0.10512548153928206,-0.00776583963242528
971,3.9585638633685756,10.903603553771973,0.1943886196377864,1.2307644406261538
972,4.256717553452386,11.377359390258789,0.40338272018531296,1.2103866009982844
973,4.149207200129558,12.999871253967285,0.3233295573716821,0.6003212483951298
974,4.004787265179665,11.36995792388916,0.2627750392390845,0.34483817244071885
975,3.3158594852391903,9.799347877502441,0.1363967775506914,0.5779667291626024
976,3.39904531984826,5.527594089508057,0.18794285769995056,0.4126804835698196
977,3.057825189434962,6.0554962158203125,0.01577453470258036,-0.11523940663683244
978,2.4555994560363916,4.622223377227783,0.039692047491547915,0.04071730090861834
979,2.2834483154191894,3.012784481048584,0.03491260695469776,-0.04071727866997285
980,3.313302660052489,5.042770862579346,0.00273705260716394,0.08676057402389621
981,3.4453631369539948,6.073543071746826,0.10733722750812061,0.17951507607280326
982,2.443585343926179,6.315910816192627,0.02842819692276562,-0.010159502885543799
983,2.8371952339345716,6.222962856292725,0.049604646571548984,0.17456453747085415
984,4.414870969129167,10.43216323852539,0.1219141161062824,0.8309783366846802
985,3.944115018261362,6.1710638999938965,0.41098269997663306,0.9190105178129355
986,3.0308105013636717,5.794338226318359,0.09495137952918457,0.4333021555411006
987,3.688233246760641,3.8900809288024902,0.5508009862898087,0.8514530296056959
988,2.74910484101793,4.212802410125732,0.02083766686922591,0.11790444778640681
989,3.225090003268931,5.68552303314209,0.3755685868001929,0.6677778538169543
990,2.5482362154851947,3.3901431560516357,0.01984440152480974,0.14575757811755738
991,3.8900710541544545,10.68045425415039,0.09774465937639261,0.3629112138599633
992,4.753908988368432,14.47695541381836,0.3307804588061129,0.7069606657004981
993,4.711785210585635,11.901481628417969,0.1805136736804518,0.5087446986542381
994,2.9187439536936854,3.5429346561431885,0.04970288822306697,0.21759361385715228
995,3.0468046374700775,8.889296531677246,0.17908087848805204,0.4500255116061119
996,4.689192784189869,13.892718315124512,0.019372606597788364,0.1787226947692721
997,5.140941747240038,17.121862411499023,0.2293542418882331,1.401671690699311
998,5.209377824701124,14.651763916015625,0.09220287530281858,0.832305306702509
999,4.080779188872642,8.869231224060059,0.2626387795199473,0.7161739454628425
