Construct,delta,Response,sequence,kappa,FCR,NCPR,hydropathy,SCD,SHD,aromatic,aliphatic,polar,proline,complex,MW,rg,re
1,0.576783562,Alta,SNRQLERSGRFGGNPGGFGNQGGFGNSRGGGAGLGNNQGSNMGGGMNFGAFSINPAMMAAAQAALQSSWGMMGMLASQQNQSGPSGNNQNQGNMQREPNQAFGSGNNSYSGSNSGAAIGWGSASNAGSGSGFNGGFGSSMDSKSSGWGM,0.125752006,0.060402685,0.020134228,3.809395973,0.070230665,4.631447761,0.080536913,0.201342282,0.630872483,0.026845638,0.760676644,14651.5,31.80319969,0.40159333
8,0.690546814,Alta,KKPLDGEYFTLQIRGRERFEMFRELNEALELKDAQAGKEPGGSRAHSSHLKSKKGQSTSRHKKLMFKTEGPDSD,0.213610649,0.378378378,0.054054054,3.217567568,-0.411074744,3.504651857,0.067567568,0.189189189,0.324324324,0.040540541,0.884229007,8442.1,24.76998056,0.42520222
9,0.705276758,Alta,NTAGTSLPSVDLLQKLRLTPQHDQIQTQPLGKGAMVASFSPAAGQLATPESFIEPPSKTAAARVAASASLSNMVLAPLQSMQQNQDPEVFVQPKVLSSAIPVAGAPLVTATTTAVSSVLLAPSVFQQTVTRSSDLERKASSPSPLTIGTPESQRKPSIILSKSQLQDTLIHLIKNDSSFLSTLHEVYLQVLTKNKDNHNL,0.179260381,0.14,0.01,4.4075,-0.123919474,5.503618247,0.03,0.355,0.39,0.085,0.887652871,21163.8,47.23915887,0.42804337
12,0.531367706,Alta,GPTQAAPGVRVEEEEWAREIGAQLRRMADDLNAQYERRRQEEQHRHRPSPWRVM,0.198173143,0.37037037,0,3.012962963,-0.979110716,2.835855896,0.055555556,0.259259259,0.240740741,0.074074074,0.852309301,6479.9,19.2052252,0.38812047
13,0.646403224,Alta,MKHPYEEFPTGSKSPYNMSRGAHPGAVLLSPQSSAINKNNPGSNSGNNQGNSSVTANVLSPQSHSMSLNDMLDQQSFMLDTAGTRAQPLQQQQQQQQQQQQASLPSLNIQTVSSTAAGSAIVSPMMQSPKALQSTLSSTSMYLDSFQRSPNNILGIPSQSGSIPLPQSRQSQQQSQSQKNDPNMGTNFSQDINQLCSWIS,0.22852236,0.085,0.005,3.7325,-0.174624133,5.176764224,0.04,0.24,0.55,0.08,0.87212787,21502.5,43.72053091,0.41534665
14,0.524018354,Alta,DGAGEGPAQSLTEQMKKIALESVGQPEELMESDNCSGGDDDWTHLSSKEVDPSTGELQSLQMPESEGPSSLDPSQEGPTGLKEAALYPHLPPEADPRLIE,0.168173932,0.27,-0.17,3.64,7.078990987,4.2890312,0.02,0.24,0.35,0.11,0.872207676,10593.2,32.96157598,0.4408414
23,0.997092137,Alta,MQGFQDEMLALTDNQIAIQKDSKRKIIEKAINEVPYRTNEEWETQLLSKGNINKSNEKIITPLPVLFPDDDESGNSIERINEMVSKICLQRKKVEMRLQALEKTKIDLEKSKASLINKLIGN,0.188666247,0.327868852,0,3.840163934,-1.083876739,4.400266041,0.032786885,0.319672131,0.278688525,0.032786885,0.904967965,14018.4,34.33173441,0.42385352
24,0.616256701,Alta,MKLPVAQYSAPDGVEKSFAPIRDDPRYMTTEGRTTGPSDHVLNAGQIDRDKPSEPERTKDGSQLTYLGQLRTQLTGLQDDINEFLTGRMELAKNKKKAGADEKRIQEEINQLLDGGDGDEDAV,0.185845472,0.333333333,-0.056910569,3.494308943,0.477856832,4.227807299,0.040650407,0.25203252,0.317073171,0.056910569,0.915908862,13596.3,34.27605796,0.42412254
25,0.592684369,Alta,NAGTEKEKESKKDSKPAFSFGISNGSESKDSDKPSLPSAVDGENDKKEATKPAFSFGINTNTTKTADTKAPTFTFGSSALADNKEDVKKPFSFGTSQPNN,0.063990941,0.3,-2.78E-17,3.389,-0.234624923,4.159269672,0.08,0.15,0.4,0.07,0.818561124,10582.8,30.77318668,0.43200594
26,0.684342535,Alta,MSENIGHININANLQNVDRRDAAAIQSVERKLLGYNPPGGLASEAQSAAALNEGIGQPMNRGISTDIPAPADIDVDRGTASKDFGHVRFDVDLNQVRPEEAAALQAAESKIEGLAPSITVGGIGSAAQSMAAFNEREQSETGPFHPGIKATEPLPGPTYYQGVELSPSALPTYAPDVSVFPPSLSTNTSNVGAVPPSITT,0.106289744,0.175,-0.055,4.2045,1.88813143,5.31042394,0.045,0.33,0.355,0.095,0.913411807,20735.1,45.69850274,0.41193962
28,0.834918048,Alta,QKISESVGVQRAAQQDTDEVAANEAAFERIRRVLYDPTAVNSTNENSSAPSENTSNTTVPTIGNASSGEQMLSRTGFFLVPQNGQPLHNPVRLPPNDSDRNGVNGPSSTTQNPPSNSGGSNNNQSPRWVP,0.219475828,0.161538462,-0.023076923,3.559230769,-0.272915901,4.401484876,0.038461538,0.215384615,0.484615385,0.1,0.885326525,13827.3,34.96095616,0.41796517
36,0.826929057,Alta,MESSAKMESGGAGQQPQPQPQQPFLPPAACFFATAAAAAAAAAAAAAQSAQQQQQQQQQQQQAPQLRPAADGQPSGGGHKSAPKQVKRQR,0.354285002,0.111111111,0.044444444,3.614444444,-0.282864454,4.123939244,0.033333333,0.311111111,0.422222222,0.111111111,0.730879076,9218.9,27.83815669,0.39844596
64,0.585781767,Alta,GAIQLTEALRMQMEVQKQLHEQLEVQRVLQLRIEEHAKYLEKMLEEQRKTGRWISSSSQTVLSPSDDSIPDSQNMSKTKASSPQPPLPAENKASETEDDKCESPQKRRRLENIAESEDPKR,0.197874531,0.338842975,-0.024793388,3.325619835,-0.346642163,4.167075755,0.016528926,0.256198347,0.314049587,0.066115702,0.898592956,13904.7,33.94847274,0.43176207
81,0.593152256,Alta,LQAQNPLTESERRSMEDQIERLKNEKEGLLAELQNQEQERKEFELQVTTLKD,0.080547735,0.403846154,-0.096153846,3.107692308,0.657340786,2.979045695,0.019230769,0.25,0.307692308,0.019230769,0.815198208,6207.8,20.84994021,0.44401827
85,0.640370467,Alta,VTPSRSALPSNWKQELESLRSSSPAPASSAPAPARSSSASWRDAAPASSAPARSSSSKKAVTPSRSALPSNWKQELESLRSSSPAPASSAPAPARSSSASWRDAAPASSAPARSSSASKKAVTPSRSALPSNWKQELESLRSNSPAPASSAPAPARSSSASWRDAPASSSSSSADKA,0.129326452,0.18079096,0.06779661,3.779096045,2.435528842,4.882175225,0.033898305,0.282485876,0.372881356,0.129943503,0.687565367,17846.7,43.11977183,0.42980784
102,0.590210322,Alta,ADLKKELSGSSKKGELPPGRSTVAASTRYPFKDSEIENELNELRRKANDF,0.19104594,0.38,0.02,3.372,-0.585847347,3.101053445,0.06,0.22,0.28,0.06,0.856258086,5576.9,20.57785824,0.43462178
116,0.7325072,Alta,GQHMKKSSLSESSSDMMDLDDGVESTPGLTETHPGRSAVAPFLGAQQQQQQPVASSLSMSIDKQLQHPLQQLTQTQLYQQQQQQQQQQQNGFKQQQQQTQQQLQQQQSHTINASAAAATSGSGSSGLTMRHNNALAVSIETDV,0.340053737,0.111888112,-0.027972028,3.551048951,-0.107788846,4.571278529,0.020979021,0.251748252,0.58041958,0.034965035,0.84058014,15550.3,33.9153491,0.39972422
119,0.606048122,Alta,YDNFREVVDSRLQEESHSNGVDNSNSNSDNKDSIRPKTEIISTNTNGATEDSTSEKVMVDAEQQARLQEQAQLLRQHVSSTASITSGGHNDLVQIEQPQKDTSNNNNSNVNDEDNDLLTQDNNPQTADEGNASFQAQRSMISRGALPSHN,0.173916079,0.24,-0.093333333,3.280666667,3.65127859,4.258495473,0.02,0.22,0.493333333,0.026666667,0.89214249,16494.8,37.38450511,0.42390418
120,0.562706856,Alta,QRGYKTFEEIQKEEEARQQQEEDEAVDEIKQEIKFTKQSSVASTRNTLKMAQDAERAGMNTLGMLGHQSEQLNNVEGNLDLMKVQNKVADEKVAELKKLNR,0.193843283,0.356435644,-0.03960396,3.362376238,-0.867809049,3.880871634,0.02970297,0.287128713,0.326732673,0,0.882934213,11589.7,29.41004174,0.40743977
121,0.554204533,Alta,SILAVHVSNPFNSKRRRREREEQLKNRKIEEKLMREQTSQQLSQSTQRIEGAMNANNNISEVRERYQRKNVLEKAKRYQFENDEEDDEMELEIDRNLDQIQQVSNRLKKMALTTGKELDSQQKRLNNIEESTDDLDINLHMNTNRLAGIR,0.294209018,0.373333333,-2.78E-17,3.151333333,-2.088165835,4.03225329,0.026666667,0.26,0.333333333,0.006666667,0.887553298,17873.5,34.39522001,0.38891453
122,0.623800033,Alta,MSQEQPRRPQAGQDPIKYGDVLPVSGDLSQKPITPEDAAMMQSAESRVLGQTQPGGVASVMQSAATRNEQAGIVGHKDVTDVTGDRGVTVTETQVPGRRI,0.171404608,0.22,-0.02,3.875,-0.263152664,4.149111143,0.01,0.3,0.39,0.08,0.884213014,10568.4,31.02497578,0.4295821
123,0.607749144,Alta,ITETVGGQVVGQFVEPTPVQVGLTGAVRESALTIGEALEATAHTVGDKPVEQSDASAIQAAEVRATGSNVITPGGLASMAQSAAAFNAECQREEEKIKMG,0.110562664,0.19,-0.07,4.473,1.041982303,4.325471705,0.02,0.38,0.36,0.04,0.873254638,10135.8,30.94314814,0.44089782
130,0.701988533,Alta,KAEDSPAVTSTPLVVTEHPVEPTTELPVEHPEEKKGILEKIKEKLPGYHAKTTEEEVKKEKESDD,0.127611801,0.415384615,-0.107692308,3.363076923,1.247180516,3.738806484,0.015384615,0.230769231,0.230769231,0.107692308,0.779920298,7273.5,25.78822832,0.46252033
133,0.697247622,Alta,YNGQSETSQQPETPVFNTLPMMGKASPVSLGVPSEATANNGQQQQVQEQRRRINAMLQDYELQRRLHSEQLQFEQAQTQQAAVQVPGIQTLGTQSQ,0.26444722,0.145833333,-0.020833333,3.572916667,-0.144997287,4.056378578,0.041666667,0.260416667,0.489583333,0.0625,0.870456451,10707,27.93528288,0.39525118
141,0.637113067,Alta,SEGGGGGTSGAARKREYSSDEEEENVNEELVDVSNDPKILNPKKNIAKKRKGGSNSSNSNNGVREVLEEFMRHQVRMESEWREGWEAREKERAEKEEEWRRKMEELEKERLAMERMWRDREEQRRSREEMRAEKRDSLINAL,0.167801574,0.478873239,-0.028169014,2.834507042,-0.817439972,3.782237394,0.042253521,0.211267606,0.253521127,0.014084507,0.84686417,16834.9,33.79480866,0.40634254
144,0.665458689,Alta,VEKLTEENRRLEKEAAELRALKLSPRLYGQMSPPTTLLMCPSCERVAGPSSSNHNQRSVSL,0.092925072,0.262295082,0.032786885,3.849180328,-0.139699496,3.46526935,0.016393443,0.295081967,0.31147541,0.081967213,0.862757022,6802.7,23.60144666,0.44934595
151,0.5354117,Alta,MATIATGLNIATQRVFVTSENRPVCLAGPVHLNNSWNLGSRTTNRMMKLQPIKAAPEGGISDVVEKSIKEAQETCAGDPVSGECVAAWDEVEELSAAASHARDKKKADGSDPLEEYCKDNPETNECRTYDN,0.191009395,0.267175573,-0.053435115,3.908396947,-0.547213752,4.445779126,0.038167939,0.297709924,0.305343511,0.053435115,0.94495964,14161.5,35.37871329,0.4128196
154,0.988382422,Alta,SNRAAALPPKPARPPAVSPALTQTPLLPQPPMAQPPQVLLEDEEPPAPPLTSMQMQLYLQQLQKVQPPTPLLPSVKVQSQPPPPLPPPPHPSVQQQLQQQPPPPPPPQPQPPPQQQHQPPPRPVHLQPMQFSTHIQQPPPPQGQQPPHPPPGQQPPPPQPAKPQQVIQHHHSPRHHKSDPYSTGHLREAPSPLMIHSPQM,0.332013279,0.08,0.02,3.422,0.008849739,5.891521971,0.015,0.22,0.36,0.325,0.751287637,21964.9,46.00412471,0.3918507
155,0.674142467,Alta,SQFQSLTHQSPPQQNVQPKKQELRAASVVQPQPLVVVKEEKIHSPIIRSEPFSPSLRPEPPKHPESIKAPVHLPQRPEMKPVDVGRPVIRPPEQNAPPPGAPDKDKQKQEPKTPVAPKKDLKIKNMGSWASLVQKHPTTPSSTAKSSSDSFEQFRRAAREKEEREKALKAQAEHAEKEKERLRQERMRSREDEDALEQAR,0.08769821,0.335,0.045,3.2215,0.844791376,4.969755968,0.025,0.235,0.265,0.14,0.878136822,22716.6,48.40061138,0.42459574
162,0.5323471,Alta,KVLQTRMARLIVEHSSTEGKLMKRIEMLEKHLSRYKALARRQKTMHGVSIDGGDISTDGVDERVRPPRLRQTKTIDLPTGTESESLLK,0.251130529,0.340909091,0.068181818,3.778409091,0.123821213,3.761353708,0.011363636,0.306818182,0.306818182,0.034090909,0.886941592,10018.2,28.49304921,0.43015903
163,2.040606822,Alta,EVDMRPSPKLAEEARRDAERYQKEHEMINRQAEATLQKKAEEYRHQTEAEAEKIRRELEKQHERDIQFRKDLIDQTIEKQKREVDLEAKMAKRELDREAQL,0.071853722,0.504950495,-0.02970297,2.882178218,-0.081211544,3.505367667,0.02970297,0.277227723,0.168316832,0.01980198,0.82957334,12309.5,29.92842103,0.41849792
164,0.602308256,Alta,MASHGQSYRAGEATGRAEEKADQMMGKTRGATEAMKNKAQQAKDKTMETAQAAKEKTSEKAYEAKDKTSNMAQSAKGQAQQSKDQTGSFASDKAQAAKDKAYQAAQATKEKASDMTEYAKETAEAGKEKTGGILQRTGEQVKSMAQGAADAVKNTFGMGEPEEDDPIKTTRP,0.118814945,0.325581395,0.011627907,3.268604651,-0.608641721,4.537287676,0.034883721,0.273255814,0.348837209,0.01744186,0.833952044,18342.6,41.40195106,0.42814115
167,0.762432378,Alta,CSVTELQEIDTQIEKSLRIVRSRKAELYADQLKKLKEKERELLNERKRLLEEVNMHHSSKGNTEGGHRTKHSSEVE,0.18790511,0.407894737,0.013157895,3.298684211,-0.693670507,3.380856555,0.013157895,0.25,0.315789474,0,0.862662023,8920.4,25.85347659,0.43209475
168,0.757549322,Alta,ARLHEALSQMWQLEAASRAAIENGSEEGLGDSAEVEEAPIEFPRDITMEETEPTRLNPNR,0.257063508,0.316666667,-0.15,3.695,1.377607155,3.409063478,0.033333333,0.316666667,0.266666667,0.066666667,0.860553631,6690,23.34305771,0.45617014
177,0.5798837,Alta,KVRTQKGELGMSPPGSKIPKAPSGGAVEQKVGNTGGPPHTHGASRVPAGCPGPQPAPTQELSLQVLDLQSVKNGMPGVGLLARHATATKGVPATNPAPGKGTGSGLIGASGATMPTDTSKSEKLASRAVAPPTPASKRDCVKGSATPSGQESRTAPGEARKAATLPEMSAGEESSSSDSDPDSASPPSTGQNPSVSVQTS,0.186730534,0.175,0.025,3.8805,-0.777384576,5.257018358,0,0.255,0.43,0.13,0.857393108,19636,48.35882194,0.43071213
180,0.707807944,Alta,MDPGQQPPPQPAPQGQGQPPSQPPQGQGPPSGPGQPAPAATQAAPQAPPAGHQIVHVRGDSETDLEALFNAVMNPKTANVPQTVPMRLRKLPDSFFKPPEPKSHSRQASTDAGTAGALTPQHVRAHSSPASLQLGAVSPGTLTPTGVVSGPAATPTAQHLRQSSFEIPDDVPLPAGWEMAKTSSGQRYFLNHIDQTTTWQ,0.253496446,0.125,-0.005,3.8105,-0.367619035,5.446277429,0.04,0.255,0.41,0.17,0.883866401,20835.7,45.68275331,0.39120743
181,0.915243511,Alta,DPRKAMLSQMNVTAPTSPPVQQNMMNSASAMNQRISQSAPVKQPPPLAPQSPQGGVMGGSNSNQQQQMRLQQLQMEKERLRLKQQELLRQVRPQELALRSQLPTLEQDGGTQNPVSSPGMSQE,0.17017743,0.162601626,0.032520325,3.540650407,-0.133890212,4.427877103,0,0.284552846,0.43902439,0.113821138,0.837016885,13561,35.18423673,0.42269945
184,0.744832767,Alta,MQSMKETASNIAASAKSGMDKTKATLGEKAEKMTTRDPLQKEMATQKKEERINEAEMQKREAREHNAAMKEASGAGTGTGLGLGSATHSTTGQVGHGTGTHQMSALPGHGTGQPTGHVVDGTAATEPIGTNTGTGRTTAHNTRVGGGTTGYGTGGGYTG,0.068169281,0.201257862,0.012578616,3.64591195,-0.088222596,4.607211098,0.012578616,0.238993711,0.522012579,0.025157233,0.849567292,16111.8,39.28513125,0.42731535
185,0.748823844,Alta,MQSMKETASNIAASARAGMEKTKATVEEKAEKMKTRDPVQKEMATQKKEDRINQAELEKREAREHNAAAKEAAGAGLGTPGYTAKGSGGLGSATHSTTGRIGHGTGAHQMSALPGHGAGQPTGDVVEGTETAAPIGTNTGTGRTTAHNTRAGGGTTGFTTGGGYSG,0.084820457,0.222891566,0.018072289,3.679518072,-0.060059141,4.636858088,0.018072289,0.259036145,0.469879518,0.030120482,0.853609396,16722.5,40.25174387,0.4287082
186,0.647461611,Alta,MEAMKETAANVGASAISGKEKTKAVVQEKMERMTAHDPMEKEMATKKKEERINQAELNKQEAKEQNAAARQGASTTGTDKPHSYSTTGRTGNPTGAHQMSALPGHGTGAPTGQVTEGVVESRPIGTATGTKRTTVAHNTHAEREVNKGYGTGGAYN,0.083103955,0.25,0.019230769,3.5,-0.013332828,4.526590328,0.019230769,0.262820513,0.429487179,0.038461538,0.87293146,16436.5,39.2602518,0.42126787
187,0.560113589,Alta,MQAMKETASNFAASAKSGMEKTKAVAQEKMERMTADNPTEKEMATEKKKERINEAEMNKQEARDKNAAARQGYSTTGTEKTHSYSTTGATGHPTGAHQMSALPGHGSGEPAGQVVEGVVQSHPIGTATGTQRSSAAHNTHGGGGVNTGYGTGGSYS,0.073749702,0.211538462,0.006410256,3.527564103,-0.150378994,4.557920484,0.032051282,0.243589744,0.480769231,0.032051282,0.87341498,16173.4,38.49116621,0.414604
189,0.752392878,Alta,MQSMKETASNIAASAKSGMDKTKATLEEKAEKMKTRDPVQKQMATQVKEDKINQAEMQKRETREYNAAMKEAAGAGTGLGLGTATHSTTGQVGHGTGTHQMSALPGHGTGQLTDRVVEGTAVTDPIGRNTGTGLTTTAHNTHVGPGPYGTGGGYSG,0.054940628,0.205128205,0.012820513,3.715384615,-0.16112297,4.659420795,0.019230769,0.262820513,0.480769231,0.032051282,0.877930021,16097.8,39.04982521,0.42761755
190,0.722068256,Alta,MQSMKETASNIAASAKSGMDRTKATLEEKAEKMTTRDPVQKQMATQNKEGKINQAEMQKREAREHNAVMKEASGAGTGTGLGLGSATHSTTGHVGHGTGTHQMSALPGHGTGQPTGHVVEGTAVTKPIGTNTGTGRTTAHNTHVGGGTTGYGTGGGYTG,0.063499428,0.176100629,0.025157233,3.688679245,0.229609581,4.651894079,0.012578616,0.238993711,0.547169811,0.025157233,0.852980639,16141.9,39.22941468,0.42751932
191,0.698544444,Alta,MQSMNETASNIAASAKSGMDKTKATLEEKAEKMTTRDPIQKEMATQKKEGRINQAEMQKREAREHNAAMKEASGAGTGTGLGLGTATHSTTGHVGHGTGTHQMSALPGHGTGEPTGHVVDGTAVTEPIGTNTGTGRTTAHNTRVGGGTTGYGTGGGYTG,0.077662062,0.194968553,0.006289308,3.670440252,-0.227514556,4.6165242,0.012578616,0.238993711,0.528301887,0.025157233,0.851282599,16149.7,39.20918198,0.4269551
192,0.685972111,Alta,MQSMKETASNIAASAKSGMDKTKATLEEKAEKMTTRDPLQKEMATQKKEGRINEAEMQKREAREHNAVMKEASGAGTGTGLGMGTATHSTTGHVGHGTGTHQMSALPGHGTGQPAGHVVDGTAVTEPIGTNTGTGRTTAHNTRVGGGTTGYGTGGGYTG,0.071675895,0.201257862,0.012578616,3.682389937,-0.07610631,4.623370047,0.012578616,0.245283019,0.51572327,0.025157233,0.851435826,16179.8,39.3246797,0.42753017
193,0.867757067,Alta,MQSAKEAVSNIAASAKSGMDKTKATLEEKAEKMKTRDPVQKEMATQRKEGKINQAEMQKRETQEYNAAMKQAAGGGTGTGVGLGTATHSTTGQVGHGTGTHQMSALPGHGTGHPTGHVVEGTAVTEPIGTNTGTGRTTAHNTRVGGGGTTGYGTRGGYTG,0.086392924,0.19375,0.03125,3.660625,0.343665413,4.645218487,0.01875,0.2375,0.525,0.025,0.848338821,16268,39.1432286,0.4250923
199,0.6577672,Alta,MQTAKNAAASVKETAANVAASAKSGMEKTKATLQEKGERMTAHDPTQKEMATEKKEARKDQAEYEKQVERDQNAVQRQAVEATGTHSYSTTGATGHPMGSHQMSALPGHGTGQPAGDVVEGVVGSHPIGRNTGTGQSVAGNNPRTGGGAGGYGTGGAYR,0.085988451,0.213836478,0.012578616,3.583647799,-0.141890504,4.572308637,0.025157233,0.264150943,0.459119497,0.037735849,0.871108792,16308.7,38.91036342,0.41158673
3,0,Baja,GNPIKVSFATRRADFNRGGGNGRGGRGRGGPMGRGGYGGGGSGGGGRGGFPSGGGGGGGQQRAGDWKCPNPTCENMNFSWRNECNQCKAPKPDGPGGGPGGSHMGGNYGDDRRGGRGGYDRGGYRGRGGDRGGFRGGRGGGDRGGFGPGKMDSRGEHRQDRRERPY,0.101655643,0.265060241,0.096385542,3.059638554,5.336187951,4.17340965,0.078313253,0.060240964,0.506024096,0.06626506,0.761518636,16827.4,34.31879147,0.3798043
4,0.04672107,Baja,MSRAALPSLENLEDDDEFEDFATENWPMKDTELDTGDDTLWENNWDDEDIGDDDFSVQLQAELKKKGVAAN,0.40819028,0.394366197,-0.253521127,3.445070423,6.714073403,3.583427474,0.084507042,0.253521127,0.23943662,0.028169014,0.863625052,8104.4,25.40192144,0.4265991
6,0.222670328,Baja,HNSKAPKKNRLRRKSSTRHIHALELVVSRNLSPPNCTELQIDSCSSSEEIKKKKYNQMPVRHSRNLQLMEGKEPATGAKKSNKPNEQTSKRHDSDTFPEL,0.300528914,0.32,0.1,3.149,1.323120895,3.843395439,0.02,0.2,0.37,0.07,0.909406056,11453.7,30.71427345,0.43721682
11,0.227581348,Baja,GVDPALSDPVLARRLRENRSLAMSRLDEVISKYAMLQDKSEEGERKKRRARLQGTSSHSADTPEASLDSGEGPS,0.25832805,0.351351351,0,3.536486486,-0.964272058,3.388351417,0.013513514,0.283783784,0.297297297,0.054054054,0.862162762,8104.2,24.94020975,0.41652507
17,0.13844149,Baja,RTYMDVMREQHLTKEEREIRQQLAEKAKAGELKVVNGAAASQPPSKRKRRWDQTADQTPGATPKKLSSWDQAETPGHTPSLRWDETPGRAKGSETPGATP,0.188492514,0.32,0.04,3.177,-0.259108771,3.929320841,0.04,0.22,0.33,0.09,0.896482963,11145.9,30.01271486,0.41536027
18,0.234711995,Baja,MPLPVALQTRLAKRGILKHLEPEPEEEIIAEDYDDDPVDYEATRLEGLPP,0.484767124,0.36,-0.16,3.862,-0.277985683,3.393074547,0.04,0.34,0.12,0.14,0.831899195,5678,21.25102096,0.44624805
27,0.228561725,Baja,MSESGQEQNRGTNTSPNNAENNNNSNAASGPLNGGAEQTRNITVSIQYSYFTPERLAHLSNISNNDNNENNSAASGSTIANGTGPSFGIGNGGHQPDGALVLSFRDVPASTPQDRLNSFISVAAQLAMERFNRLLNRPKGISKDEFDKLPVLQVSDLPKAEGPL,0.125234995,0.170731707,-0.024390244,3.782926829,0.050972555,4.754550242,0.048780488,0.256097561,0.457317073,0.067073171,0.901483866,17373.6,37.82290416,0.4044296
29,0.202126874,Baja,MSVYFPIHCSDYLRSAEMTEVMMNAPSMEEIGLSPRKDGLSYQIFPDPSDFDRCCKLKDRLPSIVVEPTEGEVESGELRWPPEEFLVQEDEQDNCEETTNEKKDQ,0.212409414,0.333333333,-0.142857143,3.700952381,4.844833133,4.240689337,0.076190476,0.228571429,0.238095238,0.085714286,0.938531399,12132.8,33.07171561,0.4124822
32,0.163068446,Baja,YHPADKDYGLMKIDEPNTPYHNMIGDDEDAYSDSEGNEVMTPDILAKKLAAAEGSEPKYRTREQESSGEEDNDLSPEEREKKRQFEMKRKLHYNEGLNIKLARQLISKDLHDDDEDEEMAETADGDSMNVEESSQGSTTSDHLQHKSQSS,0.293149024,0.38,-0.14,3.083333333,8.386739927,4.308429005,0.046666667,0.213333333,0.32,0.04,0.906731764,17059.8,37.19638871,0.4137729
33,0.191392049,Baja,METLKSKTKTRVLPSWMTAPVDERKVVSVKTATRKQTAAWAQRVGAATRAPATETVYCMNEAEMVDVALGILIEGRKQEKPWEQRSLEATDKLQLSPPCSSSPGSSSEEEDSRISSLAPGLSPPRGPEASDSPCSRSPEEEKEEEDALKY,0.205988444,0.306666667,-0.026666667,3.724,-2.388466888,4.637400063,0.033333333,0.273333333,0.28,0.086666667,0.891921745,16400.1,38.82653913,0.41451615
37,0.078380403,Baja,RRNERERNRVKLVNLGFATLREHVPNGAANKKMSKVETLRSAVEYIRALQQLLDEHDA,0.205142654,0.344827586,0.068965517,3.644827586,-0.692181939,3.189216148,0.034482759,0.344827586,0.25862069,0.017241379,0.885111752,6736.5,21.82845575,0.4131698
45,0.070239174,Baja,SSDQRTLRRLAQNREAARKSRLRKKAYVQQLENSRIRLAQLEEELKRARQQGSLVER,0.294179663,0.403508772,0.157894737,3.133333333,1.728003575,2.773314454,0.01754386,0.298245614,0.280701754,0,0.776028343,6813,21.6795045,0.43076432
49,0.078162824,Baja,PIPELDDAVVESFFSSSTDSTPMFEYENLEDNSKEWTSLFDNDIPVTTDD,0.184172399,0.3,-0.26,3.836,6.373236088,3.417492101,0.12,0.2,0.3,0.08,0.829061674,5688.3,21.49551146,0.4545223
54,0.209867349,Baja,TTMQSLCGSSSSTSSYYPLAISGIGETMAQDRALAALRNHKEAERRRRERINSHLNKLR,0.125148412,0.254237288,0.084745763,3.7,0.192187254,3.157027787,0.033898305,0.288135593,0.389830508,0.016949153,0.875560267,6616.7,21.448369,0.42374867
59,0.124111122,Baja,DVDFGDSDNENEPDAYLARLKAEAREKEEDDDDGDSDEESTDEDFKPNENESDVAEEYDSNVESDSDD,0.273624912,0.544117647,-0.397058824,2.613235294,23.04012371,3.068932923,0.058823529,0.147058824,0.220588235,0.029411765,0.752677798,7681.9,27.72481397,0.48854208
60,0.131403067,Baja,DSDASGGGGDSDGAKKKKEKKSEKKEKKEKKHKEKERTKKPSKKKKDSGK,0.149311982,0.66,0.22,1.82,1.75612433,2.667496507,0,0.04,0.28,0.02,0.600728079,5559.3,21.21936699,0.47167152
63,0.235994522,Baja,ATYNNATEQEGKTYIQGETPEQANARYLKRVGAANNQNPAAEDKGATTPASKEEAKKSEAAAKNAGKAAGKALPKTSAVK,0.181831598,0.275,0.05,3.41,-0.445135183,3.732104891,0.0375,0.3,0.3375,0.05,0.800184987,8276.3,26.91953305,0.4314521
67,0.096465167,Baja,SSVSASSSPSPSTPTKSGKMRSRSSSPVRPKAYTPSPRSPNYHRFALDSPPQSPRRSSNSSITKKGSRRSSGSSPTRHTTRVCV,0.22228872,0.202380952,0.178571429,3.304761905,5.963634508,3.692986527,0.035714286,0.119047619,0.488095238,0.142857143,0.768228094,8975,29.66105481,0.44103068
68,0.103839989,Baja,ATIKRLKRSPDKQAAALPRRERNRQAAAASPENSRGKGRRGQRGKNRGCV,0.262316093,0.38,0.26,2.956,6.227059618,2.558386968,0,0.24,0.3,0.06,0.804734493,5525.3,21.21188171,0.45031846
74,0.238709744,Baja,LCGRPGRGQTQQEEEEEDEDHGPDDYDEEDEDEVEEEETNRLPGGRSRVL,0.6889036,0.52,-0.32,2.468,3.69728077,2.645038813,0.02,0.1,0.28,0.06,0.758246202,5772.4,21.23326871,0.46889552
75,0.179136189,Baja,QPYEKKAAKLKEKYEKDIAAYRAKGKPDAAKKGVVKAEKSKKKKEEEDDEEDEEDEEEEEEEEDEDEEEDDDDE,0.605239928,0.716216216,-0.256756757,2.148648649,-3.434140883,3.166691963,0.040540541,0.162162162,0.054054054,0.027027027,0.649378625,8710.7,23.56450764,0.37042892
77,0.230235811,Baja,LEEQKLQIQVELLELEKQRFRWQRFSKKRDQELERMRMENERMKLENDRMGLELKQRELGVE,0.128188893,0.483870968,0,3.108064516,-0.696238433,3.037960735,0.048387097,0.274193548,0.193548387,0,0.769312367,7867.2,22.36843501,0.41591412
78,0.193130044,Baja,NDHSDSSNKKRLCGNREAVRKYREKKKARTAYLEDEVMRLQSLNEQFLRKLQSQEMVETELIRLRALLVEMQ,0.280469216,0.388888889,0.055555556,3.452777778,-0.817268863,3.328635117,0.041666667,0.305555556,0.25,0,0.879160498,8644.2,24.5293667,0.414218
94,0.156509833,Baja,LPRRPGHDDGQRPSGGAAAAPRRGAQLRRPRHSHPTRARRCPGGLPGHAGGAAPGRGAAGRARCLGPSARGPG,0.245832518,0.232876712,0.178082192,3.434246575,4.569631352,3.325689781,0,0.232876712,0.356164384,0.150684932,0.685701957,7320,26.84790352,0.4426422
95,0.187030633,Baja,MSERQGAGATNGKDKTSGENDGQKKVQEEFDIDMDAPETERAAVAIQSQFRKFQKKKAGSQS,0.311761618,0.35483871,0,3.167741935,-1.451052731,3.231566852,0.048387097,0.209677419,0.370967742,0.016129032,0.855926635,6792.7,22.2518015,0.42075458
99,0.2110404,Baja,LTNNVLSTAQQVYLRKLGGAKPNMDENASKIISAGRAKRSIAQPDDAGERFRQLKEQEKRSKKNKAVAKDTVELVEESQSESEEGSDDEEEEAREGALASSTTSKPLPEVGQRRSKRSKRKRTV,0.392994106,0.387096774,0.032258065,3.258870968,-2.181803617,3.948741802,0.016129032,0.25,0.314516129,0.032258065,0.872028609,13751.1,32.45491527,0.4072789
106,0.005066589,Baja,MSETVPPAPAASAAPEKPLAGKKAKKPAKAAAASKKKPAGPSVSELIVQAASSSKERGGVSLAALKKALAAAGYDVEKNNSRIKLGIKSLVSKGTLVQTKGTGASGSFKLNKKASSVETKPGASKVATKTKATGASKKLKKATGASKKSVKTPKKAKKPAATRKSSKNPKKPKTVKPKKVAKSPAKAKAVKPKAAKARVT,0.216234297,0.3,0.23,3.855,36.25131473,5.204919202,0.01,0.335,0.275,0.08,0.761789049,20204.1,52.43192709,0.43283543
110,0.2257323,Baja,MVRTKADSVPGTYRKVVAARAPRKVLGSSTSATNSTSVSSRKAENKYAGGNPVCVRPTPKWQKGIGEFFRLSPKDSEKENQIPEEAGSSGLGKAKRKACPLQPDHTNDEKE,0.221913926,0.297297297,0.081081081,3.530630631,0.583462039,4.165017912,0.045045045,0.225225225,0.333333333,0.081081081,0.918761093,11984,32.69468992,0.4215225
112,0.003870567,Baja,MESNQSNNGGSGNAALNRGGRYVPPHLRGGDGGAAAAASAGGDDRRGGAG,0.22742755,0.18,0.02,3.618,-0.263014237,2.973777327,0.02,0.26,0.5,0.04,0.742198128,4709.1,19.49872696,0.44907552
114,0.180411511,Baja,EVKFERLVKEEKLKTPYKRRHSFTPPSNENSRSNSPNSSNSSANGDAAAPKGGNNPHSRNSKKSGNFRAHKEEKRVRHN,0.162124768,0.329113924,0.126582278,2.725316456,2.592721886,3.376617083,0.050632911,0.126582278,0.417721519,0.075949367,0.830107196,8912.7,26.47277407,0.42417976
115,0.237811678,Baja,MIKRELMKDPRLANEDWSRFLPKFKNKNISKRKQPKVKKQKKEYTPFPPSQPESKVDKQLASGEYFLNQEQKQAKRNQERTEKQKEAAKRQDERRNKDFVPPTEESAASSRKKEDGSSSSKVDVKALKAKLIKANKKARSS,0.171233296,0.425531915,0.141843972,2.90141844,8.684179019,4.203037234,0.056737589,0.19858156,0.255319149,0.063829787,0.867827467,16443.1,37.47647275,0.41612437
117,0.229526689,Baja,KKFKEEEKPAWAKKDIRDYSEADLERLLDQWEEDEEPLEDDELPEHLRPQPKLDLSNLDSKSPEDLLKVSKKG,0.288595974,0.506849315,-0.123287671,3.006849315,-0.75732258,3.600680543,0.054794521,0.219178082,0.136986301,0.082191781,0.804421253,8651.6,26.52377435,0.4556893
131,0.207536567,Baja,TAGEKEDAPRRERKPRPTTPRRKEGAERKPRAQKPVEKAPKTVKAPREEQ,0.121990409,0.52,0.16,2.352,1.178729713,2.749172206,0,0.16,0.16,0.16,0.704101068,5773.9,22.96078205,0.45920348
137,0.214118644,Baja,NKPEKDAEMDTDSSTPVVKTKVRGKKVKRRYKEEKEEIAGSIRWLAEVVMRSERARMETMKEIERMRAEAEAKRGELDLKRTEIMANT,0.171517886,0.477272727,0.045454545,3.325,-0.633191077,3.5261432,0.022727273,0.306818182,0.170454545,0.022727273,0.843253233,10309.6,28.21660536,0.41793486
140,0.0952625,Baja,NTLKDILEEFMRQTVKMEKEWRDAWEMKEIEREKREKEWRRRMAELEEERAATERRWMEREEERRLREEARAQKRDSLIDALL,0.07970334,0.578313253,-0.024096386,2.878313253,-0.325180864,3.099947498,0.060240964,0.277108434,0.084337349,0,0.766100897,10616.8,25.95829674,0.41111562
142,0.158362911,Baja,PFRDELHINEDMDMHESAKLERQRREEARRSLRSGLTGLPQPKNEYQIVAQPPPEESEEPEEKIEEDMSDRIAREKAEEEARQQALLKKRSKVLQRDLPRPPAASLAVIRNSLLSADGDKSSVVPPTPIEVADKMVREELLQ,0.189862244,0.387323944,-0.049295775,3.458450704,-0.194689773,4.334825149,0.014084507,0.302816901,0.204225352,0.091549296,0.877186692,16259.2,37.95852707,0.41296765
143,0.017251233,Baja,MADRVKGPWSQEEDEQLRRMVEKYGPRNWSAISKSIPGRSGKSCRLRWCN,0.295544982,0.34,0.1,3.302,-0.150457687,2.970716225,0.08,0.2,0.28,0.06,0.904789579,5879.5,19.75030993,0.41046768
146,0.044423933,Baja,PLQEIFGVTKNNDHEKHDEEPDEESYRMAKRQRSMEYRMMMEKKRRKEIKDKVDIL,0.241027154,0.5,0,2.848214286,-1.915030726,2.92216511,0.053571429,0.232142857,0.178571429,0.035714286,0.880884157,6966.7,21.00586559,0.41825026
147,0.1201443,Baja,KRKLSIPMTVARVVKYIPEQKQELQRLSRRKEELLKRISRKTHQEQLRNKAMMDSID,0.229559042,0.403508772,0.157894737,3.407017544,1.888023551,3.115775928,0.01754386,0.315789474,0.228070175,0.035087719,0.861522163,6928.3,22.68112787,0.44182852
148,0.155625767,Baja,YTSVYNNSLEAEPSSNNDQDEDRINDKMKRRLAQNREAARKSRLRKKAHVQQLEESRLKLSQLEQELV,0.333661884,0.382352941,0.029411765,3.048529412,-1.771636374,3.082087368,0.029411765,0.264705882,0.308823529,0.014705882,0.84862089,8050.1,23.33791359,0.40267363
149,0.181415678,Baja,LQVVDSRMEEEEVDAAETIEEEEQREQRSYKEKVEILKRKKMELKAARLAKRSKTSEGSVKKPKKTEEESPSDEEDDEDSAVDWR,0.370213985,0.541176471,-0.094117647,2.928235294,-0.90083603,3.425153484,0.023529412,0.235294118,0.176470588,0.023529412,0.809845043,9981.7,26.76057107,0.39488992
158,0.214624589,Baja,PKGTVMVGKPSSHSQYTSSGSVSSSGSKSHHSHSSSSSSSASTSGKMKSSKSEGSSSSKLSSSMYSSQGSSGSSQSKNSSQSGGKPGSSPITKHGLSSGSSSTKMKPQGKPSSLMNPSLSKPNISPSHSRPPGGSDKLASPMKPVPGTPPSSKAKSPISSGSGGSHMSGTSSSSGMKSSSGLGSSGSLSQKTPPSSNSCT,0.158004843,0.115,0.095,3.603,6.44473639,5.136301961,0.01,0.125,0.65,0.095,0.708798379,19445.5,49.48030237,0.44163257
169,0.222643522,Baja,LRSRDNIYEYRDSPSTKTLASKAHTDTTSLRSPSSLAMTQKSSSQASLKS,0.139055539,0.24,0.08,3.518,0.485344153,3.121159889,0.04,0.22,0.46,0.04,0.796925753,5487,20.55005481,0.44476232
172,0.185174944,Baja,KGGSDQRDSAATVGEGGASGSEGGAKKGRGRGAGKKADAGDTSAEPPRRSSRLTSSGTGAGSAPAAAKGGAKRAASSSSTPSNAKKQATGGAGKAAATKATAAKSAASKAPQNGAGAKKKGGKAGGRKRK,0.255358405,0.269230769,0.161538462,3.493846154,8.823391407,4.157283063,0,0.253846154,0.438461538,0.038461538,0.706770624,12052.2,37.20708846,0.45439577
176,0,Baja,MEELSSVGEQVFAAECILSKRLRKGKLEYLVKWRGWSSKHNSWEPEENILDPRLLLAFQKKEHEKEVQNRKRGKRPRGRPRKLTAMSSCS,0.347552955,0.366666667,0.1,3.475555556,0.041692379,3.773715059,0.066666667,0.244444444,0.255555556,0.044444444,0.908331974,10599.8,27.55096443,0.4066546
178,0,Baja,RGGGFGGRGGFGDRGGRGGRGGFGGGRGRGGGFRGRGRGGGGGGGGGGGGGRGGGGFHSGGNRGRGRGGKRGN,0.197273463,0.232876712,0.205479452,3.257534247,7.010638966,3.053751029,0.068493151,0,0.698630137,0,0.375842267,6476.5,21.9281648,0.41238612
195,0.234615689,Baja,MQLITAKAHQAKAIRVKLKLIKLLKKEKEREKMQGAKNTGQSIKEKAANVGASAQAGLEKTKATVQEKAEKMSTRDPVQKQMATQKKEHKTNQAEMEKQAAYNQNAAHKEAARAEDIAPGYYGTATHSTTGQHGHPTGGHQMSALPGHGTGQPTGQVTEGVIGSHPIGTNTGTTQTSTTTTARNTRAGVNPNDPRYGHGTGGSY,0.111011412,0.220588235,0.06372549,3.501470588,2.030583301,4.94972083,0.024509804,0.259803922,0.455882353,0.039215686,0.885567278,21672.5,45.46407814,0.41878316
