Entry,sequence,delta_FRET,Response,kappa,FCR,NCPR,hydropathy,SCD,SHD,aromatic,aliphatic,polar,proline,complex,MW,radius_of_gyration,end_to_end_distance,asphericity,scaling_exponent,prefactor,NaCl_0_P1,NaCl_0_P2,NaCl_200,NaCl_400,NaCl_600,NaCl_800,NaCl_1000,NaCl_1500
IDRBS-001,SNRQLERSGRFGGNPGGFGNQGGFGNSRGGGAGLGNNQGSNMGGGMNFGAFSINPAMMAAAQAALQSSWGMMGMLASQQNQSGPSGNNQNQGNMQREPNQAFGSGNNSYSGSNSGAAIGWGSASNAGSGSGFNGGFGSSMDSKSSGWGM,0.605561037,Alta,0.125752006,0.060402685,0.020134228,3.809395973,0.070230665,4.631447761,0.080536913,0.201342282,0.630872483,0.026845638,0.760676644,14651.5,32.567295,72.14487,0.39925295,0.49956155,6.4169345,1.743925076,1.753158147,1.918296393,2.180099613,2.505820954,2.74274175,2.766471526,2.816154211
IDRBS-002,MASNDYTQQATQSYGAYPTQPGQGYSQQSSQPYGQQSYSGYSQSTDTSGYGQSSYSSYGQSQNTGYGTQSTPQGYGSTGGYGSSQSSQSSYGQQSSYPGYGQQPAPSSTSGSYGSSSQSSSYGQPQSGSYSQQPSYGGQQQSYGQQQSYNPPQGYGQQNQYNSSSGGGGGGGGGGNYGQDQSSMSSGGGSGGGYGNQDQS,0.240426683,Baja,0.266,0.02,-0.02,3.063,0.308358152,5.03473772,0.13,0.03,0.765,0.055,0.63472766,20326.9,31.781416,70.662224,0.32909802,0.4092515,8.733867,0.758994652,0.743645875,0.798437877,0.852165983,0.915791802,0.958006681,0.976399038,0.923780469
IDRBS-003,GNPIKVSFATRRADFNRGGGNGRGGRGRGGPMGRGGYGGGGSGGGGRGGFPSGGGGGGGQQRAGDWKCPNPTCENMNFSWRNECNQCKAPKPDGPGGGPGGSHMGGNYGDDRRGGRGGYDRGGYRGRGGDRGGFRGGRGGGDRGGFGPGKMDSRGEHRQDRRERPY,-0.043618142,Baja,0.101655643,0.265060241,0.096385542,3.059638554,5.336187951,4.17340965,0.078313253,0.060240964,0.506024096,0.06626506,0.761518636,16827.4,33.41173,79.813034,0.3898495,0.48578733,6.132705,0.814920813,0.831480133,0.795273962,0.763307652,0.770701178,0.807940539,0.81044701,0.793101525
IDRBS-005,RDEISLDSAKKAACEFSETDVTNTEHHQPSNNDLNTTEKRAAERHPEKYQGSSVSNLHVEPCGTNTHASSLQHENSSLLLTKDRMNVEKAEFCNKSKQPG,0.240274721,Baja,0.129013509,0.28,-0.04,3.315,-0.230727719,3.878125971,0.03,0.2,0.42,0.04,0.918226375,11131.7,29.091564,69.47974,0.42360827,0.553885,6.046231,0.704474005,0.724192198,0.749164863,0.795046975,0.85141367,0.954088459,0.990897309,0.900182434
IDRBS-006,HNSKAPKKNRLRRKSSTRHIHALELVVSRNLSPPNCTELQIDSCSSSEEIKKKKYNQMPVRHSRNLQLMEGKEPATGAKKSNKPNEQTSKRHDSDTFPEL,0.255306583,Media,0.300528914,0.32,0.1,3.149,1.323120895,3.843395439,0.02,0.2,0.37,0.07,0.909406056,11453.7,30.38591,73.87387,0.42321837,0.5533973,6.3428144,0.778778235,0.807523311,0.825306073,0.855101313,0.892672422,0.927653233,0.987524806,1.014372844
IDRBS-007,MEEPQSDPSVEPPLSQETFSDLWKLLPENNVLSPLPSQAMDDLMLSPDDIEQWFTEDPGPDEAPRMPEAAPPVAPAPAAPTPAAPAPAPSWPLSSSVPSQKT,0.056115663,Baja,0.233648852,0.196078431,-0.137254902,3.928431373,3.623717873,4.767667166,0.049019608,0.294117647,0.235294118,0.225490196,0.82362292,10872.9,34.19124,79.97321,0.41368368,0.5542285,7.8139005,0.754558335,0.766247499,0.755900742,0.782285642,0.842794267,0.784144661,0.865054056,0.808952781
IDRBS-008,KKPLDGEYFTLQIRGRERFEMFRELNEALELKDAQAGKEPGGSRAHSSHLKSKKGQSTSRHKKLMFKTEGPDSD,0.715143954,Alta,0.213610649,0.378378378,0.054054054,3.217567568,-0.411074744,3.504651857,0.067567568,0.189189189,0.324324324,0.040540541,0.884229007,8442.1,23.80301,56.96937,0.42757842,0.5492397,6.410354,1.676248509,1.717901383,1.83950722,2.121955934,2.447678458,2.755870352,2.90428299,2.946960347
IDRBS-009,NTAGTSLPSVDLLQKLRLTPQHDQIQTQPLGKGAMVASFSPAAGQLATPESFIEPPSKTAAARVAASASLSNMVLAPLQSMQQNQDPEVFVQPKVLSSAIPVAGAPLVTATTTAVSSVLLAPSVFQQTVTRSSDLERKASSPSPLTIGTPESQRKPSIILSKSQLQDTLIHLIKNDSSFLSTLHEVYLQVLTKNKDNHNL,0.736213423,Alta,0.179260381,0.14,0.01,4.4075,-0.123919474,5.503618247,0.03,0.355,0.39,0.085,0.887652871,21163.8,47.992805,113.81674,0.43596217,0.56683147,6.1666064,1.056134129,1.062456002,1.126929417,1.439875795,1.657733598,1.784669121,1.812281029,1.845395995
IDRBS-010,MGDEDWEAEINPHMSSYVPIFEKDRYSGENGDNFNRTPASSSEMDDGPSRRDHFMKSGFASGRNFGNRDAGECNKRDNTSTMGGFGVGKSFGNRGFSNSRFEDGDSSGFWRESSNDCEDNPTRNRGFSKRGGYRDGNNSEASGPYRRGGRGSFRGCRGGFGLGSPNNDLDPDECMQRTGGLFGSRRPVLSGTGNGDTSQS,0.548550004,Alta,0.25610669,0.285,-0.015,3.227,-1.393159805,4.467334979,0.1,0.1,0.45,0.045,0.877875355,21759.7,35.097145,83.0141,0.35154897,0.46524668,7.894836,0.848305125,0.830047398,0.900203572,0.941463738,1.082872857,1.216418693,1.257058496,1.285661242
IDRBS-011,GVDPALSDPVLARRLRENRSLAMSRLDEVISKYAMLQDKSEEGERKKRRARLQGTSSHSADTPEASLDSGEGPS,0.250938802,Media,0.25832805,0.351351351,0,3.536486486,-0.964272058,3.388351417,0.013513514,0.283783784,0.297297297,0.054054054,0.862162762,8104.2,24.45135,58.23383,0.4244926,0.5457438,6.0609965,0.828179885,0.848071802,0.85315544,0.903941121,0.944762499,0.981831196,1.04311428,1.062429444
IDRBS-012,GPTQAAPGVRVEEEEWAREIGAQLRRMADDLNAQYERRRQEEQHRHRPSPWRVM,0.495988541,Media,0.198173143,0.37037037,0,3.012962963,-0.979110716,2.835855896,0.055555556,0.259259259,0.240740741,0.074074074,0.852309301,6479.9,19.237452,45.63474,0.38419706,0.483715,6.803266,1.785281717,1.815847912,1.974337341,2.160136765,2.481160448,2.714064352,2.778758506,2.720585193
IDRBS-013,MKHPYEEFPTGSKSPYNMSRGAHPGAVLLSPQSSAINKNNPGSNSGNNQGNSSVTANVLSPQSHSMSLNDMLDQQSFMLDTAGTRAQPLQQQQQQQQQQQQASLPSLNIQTVSSTAAGSAIVSPMMQSPKALQSTLSSTSMYLDSFQRSPNNILGIPSQSGSIPLPQSRQSQQQSQSQKNDPNMGTNFSQDINQLCSWIS,0.602148633,Alta,0.22852236,0.085,0.005,3.7325,-0.174624133,5.176764224,0.04,0.24,0.55,0.08,0.87212787,21502.5,43.58899,101.31877,0.4084841,0.549333,6.553045,0.70635872,0.72981482,0.7244153,0.837712385,1.003291609,1.110893155,1.198427998,1.167718138
IDRBS-014,DGAGEGPAQSLTEQMKKIALESVGQPEELMESDNCSGGDDDWTHLSSKEVDPSTGELQSLQMPESEGPSSLDPSQEGPTGLKEAALYPHLPPEADPRLIE,0.629790315,Alta,0.168173932,0.27,-0.17,3.64,7.078990987,4.2890312,0.02,0.24,0.35,0.11,0.872207676,10593.2,33.601486,78.85022,0.4444213,0.57734686,5.9165134,0.739938387,0.743181221,0.809187853,0.880360541,0.969175556,1.081226353,1.134071674,1.211768846
IDRBS-015,KVPAQESQDVSGSRPAAPLIGAPANSEDTHLVDPKTDPSDSQTGLAEQCAGIRKRPATDDSSTQNKRANRTEENVSDGSPN,0.376287764,Media,0.29433462,0.271604938,-0.049382716,3.35308642,-0.126255536,3.645465681,0,0.222222222,0.395061728,0.098765432,0.878284216,8469.2,27.645565,64.45485,0.43201283,0.55553585,6.053467,0.75833836,0.760614119,0.773074602,0.85538127,0.884583104,0.988112662,1.012878986,1.049960025
IDRBS-017,RTYMDVMREQHLTKEEREIRQQLAEKAKAGELKVVNGAAASQPPSKRKRRWDQTADQTPGATPKKLSSWDQAETPGHTPSLRWDETPGRAKGSETPGATP,0.10961553,Baja,0.188492514,0.32,0.04,3.177,-0.259108771,3.929320841,0.04,0.22,0.33,0.09,0.896482963,11145.9,30.24733,70.99081,0.42097816,0.54242885,6.315607,0.779941827,0.793357706,0.758778225,0.799014509,0.802046904,0.863860853,0.902924109,0.882302251
IDRBS-018,MPLPVALQTRLAKRGILKHLEPEPEEEIIAEDYDDDPVDYEATRLEGLPP,0.318385728,Media,0.484767124,0.36,-0.16,3.862,-0.277985683,3.393074547,0.04,0.34,0.12,0.14,0.831899195,5678,21.200926,49.7884,0.44030243,0.54818356,7.208945,0.846002586,0.851920632,0.869960501,0.901963923,0.965032583,1.026229717,1.057468444,1.129965653
IDRBS-019,PNSVVTKSAKKLRSSNADAEEKLDRSHDKSDRGHDKSDRSHEKLDRGHDKSDRGHDKSDRDRERGYDKVDRERERDRERDRDRGYDKADREEGKERRHHRREELAPYPKSKKAVSRKDEELDPMDPSSYSDAPRGTWSTGLPKRNEAKTGADTTAAGPLFQQRPYPSPGAVLRANAEASRTKQQD,0.33421328,Media,0.093755744,0.47027027,0.027027027,2.580540541,0.190649391,3.990698849,0.037837838,0.156756757,0.275675676,0.059459459,0.865260497,21255.8,41.511383,99.08621,0.41732165,0.54760814,6.3663363,0.718381237,0.737119905,0.75422974,0.825807865,0.877273536,0.946815867,0.99486861,0.990300115
IDRBS-020,MSDEAKEKRELESQKESSHNKSEKSVEPKPKRRRRRNYDDYDAEVAKEETKAKNGLTKSENNGTVEDSESDMDDAKLDALMGNEGEEEEDDLAEIDTSNIITSGRRTRGKVIDYKKTAEELDKKEPSTGSKDDVGYGEKEEDDEDEEDDDFKE,0.4005195,Media,0.319642052,0.522875817,-0.14379085,2.71503268,6.520314617,4.028989956,0.032679739,0.169934641,0.254901961,0.019607843,0.846130152,17458.2,39.3242,87.6013,0.4189027,0.5486629,9.267073,0.725591765,0.730141659,0.770322995,0.789399349,0.882189883,0.934188955,0.96424815,1.022217806
IDRBS-021,MNIVPQDTFKSQVSTDQDKSVLSSAVPSLPDTLRQQEGGAVPLSTQLNDRHPLESTLKNWETTQRQRQMEQYRQIFGIAEPMKRTMEMEIVNRTDFNPLSTNGSIHRDILLNKECSIDWEDVYPGTGLQASTMVGDDVHSKIEKQLGI,0.38261324,Media,0.12971963,0.243243243,-0.040540541,3.809459459,0.479924304,4.641375231,0.047297297,0.27027027,0.378378378,0.054054054,0.950674245,16750.4,37.856865,86.559326,0.4027207,0.5441969,6.452912,0.815560062,0.778290686,0.814496169,0.834713123,0.899339683,1.016486975,1.066952363,1.078034209
IDRBS-022,LNMEDLMEGNHHLLSDSSEAGSSSEGEHISSIPTRGEIAKLKAQKSLSRRKISESDVTTERDYVKLLDSEDKREIMETIRLNGGLKRNNEKEITNFSDDE,0.364213212,Media,0.216449581,0.37,-0.07,3.48,0.608896882,3.817111732,0.02,0.25,0.35,0.01,0.875450887,11284.1,29.897707,73.75294,0.43018815,0.5636204,6.06477,0.752852371,0.755315447,0.771088352,0.843014138,0.891864776,0.979195533,1.00768044,1.03217691
IDRBS-023,MQGFQDEMLALTDNQIAIQKDSKRKIIEKAINEVPYRTNEEWETQLLSKGNINKSNEKIITPLPVLFPDDDESGNSIERINEMVSKICLQRKKVEMRLQALEKTKIDLEKSKASLINKLIGN,0.9188009,Alta,0.188666247,0.327868852,0,3.840163934,-1.083876739,4.400266041,0.032786885,0.319672131,0.278688525,0.032786885,0.904967965,14018.4,34.87233,79.820335,0.42918265,0.5616297,6.452128,1.185207712,1.200756792,1.333932427,1.689390485,1.993781657,2.357469763,2.397663838,2.303935189
IDRBS-024,MKLPVAQYSAPDGVEKSFAPIRDDPRYMTTEGRTTGPSDHVLNAGQIDRDKPSEPERTKDGSQLTYLGQLRTQLTGLQDDINEFLTGRMELAKNKKKAGADEKRIQEEINQLLDGGDGDEDAV,0.578011696,Alta,0.185845472,0.333333333,-0.056910569,3.494308943,0.477856832,4.227807299,0.040650407,0.25203252,0.317073171,0.056910569,0.915908862,13596.3,35.550045,83.920746,0.4214281,0.5549311,6.3328733,0.782462825,0.801156838,0.837655755,0.975101561,1.130000768,1.218505244,1.294994503,1.264277593
IDRBS-025,NAGTEKEKESKKDSKPAFSFGISNGSESKDSDKPSLPSAVDGENDKKEATKPAFSFGINTNTTKTADTKAPTFTFGSSALADNKEDVKKPFSFGTSQPNN,0.638355903,Alta,0.063990941,0.3,-2.78E-17,3.389,-0.234624923,4.159269672,0.08,0.15,0.4,0.07,0.818561124,10582.8,30.576973,71.81055,0.42388827,0.5614523,6.0889325,0.932271004,0.950107019,1.022039723,1.119240324,1.24199405,1.406187494,1.51317055,1.55661738
IDRBS-026,MSENIGHININANLQNVDRRDAAAIQSVERKLLGYNPPGGLASEAQSAAALNEGIGQPMNRGISTDIPAPADIDVDRGTASKDFGHVRFDVDLNQVRPEEAAALQAAESKIEGLAPSITVGGIGSAAQSMAAFNEREQSETGPFHPGIKATEPLPGPTYYQGVELSPSALPTYAPDVSVFPPSLSTNTSNVGAVPPSITT,0.714338918,Alta,0.106289744,0.175,-0.055,4.2045,1.88813143,5.31042394,0.045,0.33,0.355,0.095,0.913411807,20735.1,46.21293,109.36956,0.4139051,0.5611848,6.246224,0.70428521,0.714991561,0.743190052,0.820703971,0.972185688,1.10854934,1.204378469,1.227501263
IDRBS-027,MSESGQEQNRGTNTSPNNAENNNNSNAASGPLNGGAEQTRNITVSIQYSYFTPERLAHLSNISNNDNNENNSAASGSTIANGTGPSFGIGNGGHQPDGALVLSFRDVPASTPQDRLNSFISVAAQLAMERFNRLLNRPKGISKDEFDKLPVLQVSDLPKAEGPL,0.260225523,Media,0.125234995,0.170731707,-0.024390244,3.782926829,0.050972555,4.754550242,0.048780488,0.256097561,0.457317073,0.067073171,0.901483866,17373.6,38.05637,91.46113,0.40405273,0.54329664,6.396048,0.764516948,0.766375766,0.781141295,0.860462613,0.913706306,0.943016451,0.941453492,0.965707363
IDRBS-028,QKISESVGVQRAAQQDTDEVAANEAAFERIRRVLYDPTAVNSTNENSSAPSENTSNTTVPTIGNASSGEQMLSRTGFFLVPQNGQPLHNPVRLPPNDSDRNGVNGPSSTTQNPPSNSGGSNNNQSPRWVP,0.833370054,Alta,0.219475828,0.161538462,-0.023076923,3.559230769,-0.272915901,4.401484876,0.038461538,0.215384615,0.484615385,0.1,0.885326525,13827.3,34.939297,82.79891,0.41127992,0.535226,6.3868685,0.85943785,0.856881668,0.900933176,1.037107219,1.199233692,1.446566356,1.575853851,1.573916768
IDRBS-029,MSVYFPIHCSDYLRSAEMTEVMMNAPSMEEIGLSPRKDGLSYQIFPDPSDFDRCCKLKDRLPSIVVEPTEGEVESGELRWPPEEFLVQEDEQDNCEETTNEKKDQ,0.139720734,Baja,0.212409414,0.333333333,-0.142857143,3.700952381,4.844833133,4.240689337,0.076190476,0.228571429,0.238095238,0.085714286,0.938531399,12132.8,32.6703,78.6595,0.4396202,0.55641425,6.6610107,0.776386334,0.7505576,0.770450169,0.779605835,0.795905108,0.846458369,0.902675042,0.855481751
IDRBS-030,TPVTIENFLSWKAKFDAELLEIKKKRMKEEEQAGKNKLSGKQLFETDHNLDTSDIQFLEDAGNNVEVDESLFQEMDDLELEDGEDDPDYNPVAPGSDSSD,0.389955643,Media,0.324846551,0.38,-0.18,3.503,4.526479158,4.071173833,0.07,0.24,0.27,0.04,0.896095442,11330.7,30.646944,73.28401,0.41127187,0.5365007,8.361064,0.715212884,0.741296874,0.741532942,0.800722789,0.860408303,0.951477356,0.995672824,1.031884513
IDRBS-031,SHRPIKGILKNKTSAASPPVVPSAEQPRPIVEEELSKKSQKWDEMNILAT,0.423588659,Media,0.323025912,0.28,0.04,3.768,-0.733743147,3.428790784,0.02,0.3,0.28,0.12,0.881754924,5535,23.050974,48.80818,0.44034442,0.55054146,6.218968,0.98207066,0.978010897,1.011182646,1.102101612,1.154964843,1.288589289,1.36510374,1.390871992
IDRBS-032,YHPADKDYGLMKIDEPNTPYHNMIGDDEDAYSDSEGNEVMTPDILAKKLAAAEGSEPKYRTREQESSGEEDNDLSPEEREKKRQFEMKRKLHYNEGLNIKLARQLISKDLHDDDEDEEMAETADGDSMNVEESSQGSTTSDHLQHKSQSS,0.19066958,Baja,0.293149024,0.38,-0.14,3.083333333,8.386739927,4.308429005,0.046666667,0.213333333,0.32,0.04,0.906731764,17059.8,37.444252,88.491394,0.4281626,0.5359681,6.909608,0.658269635,0.644774558,0.666267793,0.675418209,0.682004951,0.756281632,0.749885394,0.766390494
IDRBS-033,METLKSKTKTRVLPSWMTAPVDERKVVSVKTATRKQTAAWAQRVGAATRAPATETVYCMNEAEMVDVALGILIEGRKQEKPWEQRSLEATDKLQLSPPCSSSPGSSSEEEDSRISSLAPGLSPPRGPEASDSPCSRSPEEEKEEEDALKY,0.202334033,Baja,0.205988444,0.306666667,-0.026666667,3.724,-2.388466888,4.637400063,0.033333333,0.273333333,0.28,0.086666667,0.891921745,16400.1,39.727448,93.21689,0.41873237,0.5620205,6.3700223,0.703237908,0.656556301,0.691516645,0.733122808,0.734374291,0.795245986,0.782014521,0.788860832
IDRBS-034,MLWQKSTAPEQAPAPPRPYQGVRVKEPVKELLRRKRGHTSVGAAGPPTAVVLPHQPLATYSTVGP,0.311648,Media,0.291378841,0.184615385,0.092307692,3.96,0.603822986,3.859346041,0.046153846,0.307692308,0.292307692,0.169230769,0.847730098,7002.9,25.080387,58.216454,0.4336416,0.5454697,6.525505,0.857855568,0.844127749,0.876354405,0.926117564,0.998603762,1.057905758,1.092174059,1.125591934
IDRBS-035,MDVFKKGFSIAKEGVVGAVEKTKQGVTEAAEKTKEGVMYVGAKTKENVVQSVTSVAEKTKEQANAVSEAVVSSVNTVATKTVEEAENIAVTSGVVRKEDLRPSAPQQEGEASKEKEEVAEEAQSGGD,0.042135559,Baja,0.129211605,0.31496063,-0.047244094,3.97007874,-0.253222198,4.432949471,0.023622047,0.330708661,0.31496063,0.015748031,0.816855937,13330.8,36.04754,84.98622,0.4414488,0.57043713,5.8292375,0.789793744,0.795416824,0.784409517,0.768845549,0.844850865,0.849519849,0.826463053,0.828719673
IDRBS-036,MESSAKMESGGAGQQPQPQPQQPFLPPAACFFATAAAAAAAAAAAAAQSAQQQQQQQQQQQQAPQLRPAADGQPSGGGHKSAPKQVKRQR,0.626068817,Alta,0.354285002,0.111111111,0.044444444,3.614444444,-0.282864454,4.123939244,0.033333333,0.311111111,0.422222222,0.111111111,0.730879076,9218.9,27.7773,67.18829,0.40234348,0.52400774,6.5313587,0.884431488,0.86809683,0.927612483,1.091093421,1.423118426,1.556814771,1.589738958,1.416005491
IDRBS-037,RRNERERNRVKLVNLGFATLREHVPNGAANKKMSKVETLRSAVEYIRALQQLLDEHDA,0.062855705,Baja,0.205142654,0.344827586,0.068965517,3.644827586,-0.692181939,3.189216148,0.034482759,0.344827586,0.25862069,0.017241379,0.885111752,6736.5,21.443102,52.344204,0.4339138,0.5385074,5.9942193,0.911351105,0.891950626,0.927729042,0.912856593,0.929224126,0.976641926,0.961188551,0.947687972
IDRBS-038,ENFSRKRYRSVDLSKENDDRKQNENKSLKESETSGPTAAPMWAVAPPSRSGAGNTFWMLPVPTTAGNQMESSSNNNTAAGHRAPPMWPFVNSAGGGAGGG,0.244668369,Media,0.175773486,0.2,0.02,3.542,-0.165169512,4.134425749,0.07,0.22,0.42,0.09,0.89856065,10607.8,29.22001,67.09378,0.4229828,0.5273636,6.423464,0.914745667,0.97087426,0.958877611,1.00931887,1.085289358,1.184581885,1.237092381,1.210233241
IDRBS-039,GGAATHFMAGTGFSFPMDQYRGSPLQLGSFLAQPQPTQNLGLSMPDSNLGMLAALNSAYSRGGNANANAEQANNAVEHQEKQQQSDHDDDSREENSNSSE,0.38196249,Media,0.208350345,0.16,-0.08,3.597,0.916311241,4.095579667,0.06,0.25,0.48,0.05,0.878762475,10609.5,28.808384,67.08711,0.41994444,0.537222,6.508961,0.818233162,0.833844263,0.842428352,0.928878252,0.994171044,1.120396453,1.164929371,1.153746573
IDRBS-040,MQEQATSSLAASSLPSSSERSSSSAPHLEIKEGIESDEEIRRVPEFGGEAVGKETSGRESGSATGQERTQATVGESQ,0.483923074,Media,0.136724889,0.272727273,-0.090909091,3.597402597,1.167687156,3.588626647,0.012987013,0.220779221,0.454545455,0.038961039,0.814141478,8023.8,26.20115,62.843822,0.43504253,0.566279,5.8996787,0.882722005,0.886211655,0.934360991,1.010525903,1.088190815,1.19620561,1.260536786,1.314996813
IDRBS-041,SSLMGPNGNSKTMINGSYNKRDLIRGRRGELFSAPASMRTSPTNSGHLRVSTAGLSSSSGSTSSSSSDSTMEELQAAIQAAIAHCKNSSAVDRDDKVKDS,0.212133027,Baja,0.156801634,0.21,0.03,3.837,-0.613430169,3.94371198,0.02,0.26,0.47,0.03,0.879814456,10405.3,29.651087,72.25127,0.42647055,0.5631162,6.008042,0.715263184,0.711216453,0.716552901,0.750216133,0.808809308,0.870798237,0.889555864,0.864747074
IDRBS-042,MAEEYKNTVPEQETPKVATEESSAPEIKERGMFDFLKKKEEVKPQETTTLASEFEHKTQISEPESFVAKHEEEEHKPTLLEQLHQKHEEEEENKPSLLDKLHRSNSSSSSSSDEEGEDGEKKKKEKKKKIVEGDHVKTVEEENQGVMDRIKEKFPLGEKPGGDDVPVVTTMPAPHSVEDHKPEEEEKKGFMDKIKEKLPG,0.546378786,Alta,0.164205149,0.43,-0.09,3.102,5.049275949,4.873686642,0.035,0.19,0.275,0.07,0.861934208,22849.6,46.9301,111.788956,0.43809342,0.57557,6.0725574,0.691201039,0.702865908,0.743867181,0.812115248,0.892728915,0.968067039,1.026386362,1.087651647
IDRBS-043,MAEEIKNVPEQEVPKVATEESSAEVTDRGLFDFLGKKKDETKPEETPIASEFEQKVHISEPEPEVKHESLLEKLHRSDSSSSSSSEEEGSDGEKRKKKKEKKKPTTEVEVKEEEKKGFMEKLKEKLPGHKKPEDGSAVAAAPVVVPPPVEEAHPVEKKGILEKIKEKLPGYHPKTTVEEEKKDKE,0.269778907,Media,0.144181624,0.448648649,-0.048648649,3.235135135,0.157857505,4.889015776,0.027027027,0.216216216,0.221621622,0.086486486,0.82530816,20779.1,46.024,112.023544,0.44512847,0.5779009,6.129084,0.591481698,0.614472636,0.631016616,0.664781651,0.714817909,0.777775129,0.779593761,0.780027255
IDRBS-044,GERHLLKNIKRRKTSSQTQTQSLEGEIHELRRDRMALEVELVRLRRKQES,0.175553726,Baja,0.309635237,0.42,0.1,3.172,0.12803621,2.736635284,0,0.26,0.32,0,0.821881457,6034.9,19.707106,50.191647,0.42666164,0.5383838,6.118886,0.938508945,1.005769898,0.994701451,1.026580321,1.082108528,1.22943957,1.266204434,1.181636598
IDRBS-045,SSDQRTLRRLAQNREAARKSRLRKKAYVQQLENSRIRLAQLEEELKRARQQGSLVER,0.039897322,Baja,0.294179663,0.403508772,0.157894737,3.133333333,1.728003575,2.773314454,0.01754386,0.298245614,0.280701754,0,0.776028343,6813,21.731718,50.742676,0.43453634,0.5399534,6.257144,0.88528207,0.903777089,0.883173151,0.885988513,0.898744923,0.947729722,0.968928041,0.940961017
IDRBS-046,ILLKGKKLGGLLPAGGENGSEATDVSDEVEAAEMEDEAVRSQVQHKPKEDKLKLVPEL,0.33943444,Media,0.337295189,0.362068966,-0.086206897,3.905172414,-0.98780079,3.460329727,0,0.344827586,0.24137931,0.051724138,0.835128773,6190.9,23.1849,53.991375,0.45657,0.5613984,6.1031013,0.824305051,0.838554925,0.864479156,0.903251133,0.974195978,1.067653476,1.100535804,1.114689433
IDRBS-047,DRMKKLIEDPDKFYTPKTRPSGHDIGKSFSKDNGGSIPPNLLQISNSESNGQYLANCK,0.423371615,Media,0.176104441,0.275862069,0.034482759,3.412068966,-0.132804588,3.481212652,0.068965517,0.172413793,0.379310345,0.086206897,0.901662414,6436.4,23.752834,52.489597,0.4368041,0.5451312,6.288465,1.014889408,1.048075551,1.083757942,1.197029808,1.301389666,1.503781583,1.607223928,1.567781709
IDRBS-048,QISTIAESEDSQESVDSVTDSQKRREILSRRPSYRKILNDLSSDAPGVPRIEEEKSEEET,0.295501804,Media,0.245038278,0.4,-0.1,3.291666667,0.260224108,3.133090539,0.016666667,0.216666667,0.316666667,0.05,0.824794017,6820.1,22.685396,55.172466,0.43778932,0.5438976,6.4696383,0.813762634,0.813864826,0.840254425,0.908899543,0.954041836,1.025041869,1.060483773,1.056423569
IDRBS-049,PIPELDDAVVESFFSSSTDSTPMFEYENLEDNSKEWTSLFDNDIPVTTDD,0.070919404,Baja,0.184172399,0.3,-0.26,3.836,6.373236088,3.417492101,0.12,0.2,0.3,0.08,0.829061674,5688.3,21.943361,48.94016,0.42234468,0.5300202,7.584037,0.689659455,0.665210971,0.721171296,0.689459507,0.716610157,0.708635645,0.717650766,0.713372714
IDRBS-050,RARNTEAARRSRARKLQRMKQLEDKVEELLSKNYHLENEVARLKKLVGER,0.244246193,Baja,0.258120216,0.46,0.14,3.17,0.937499294,2.748854068,0.02,0.32,0.2,0,0.803952871,6012.7,20.2787,47.57137,0.4341662,0.53800833,6.1353097,1.003925515,1.044084006,1.098826463,1.133654796,1.156004031,1.380013857,1.331135232,1.298917579
IDRBS-051,MSSKEQKTPEGQAPEEIIMDQHEEIEAVEPEASAEQVDPRDEKVANLEAQ,0.369108367,Media,0.195047207,0.38,-0.22,3.334,3.32326996,3.171412679,0,0.3,0.24,0.08,0.82499941,5591.6,22.982876,52.981262,0.45254093,0.5625653,6.077624,0.794031151,0.820254801,0.830149802,0.898541749,0.966852587,1.073627276,1.108511863,1.12532404
IDRBS-052,KKLEEETEPAAMDRVKAEVRLMIQKARLEKKMSQADLAKQINERTQVVQE,0.25656047,Media,0.16533912,0.42,0.02,3.548,-0.701791237,3.055092715,0,0.38,0.18,0.02,0.817537998,5836.5,20.355692,53.241608,0.4433225,0.5527465,5.9939637,1.00560867,1.088114505,1.050969553,1.122854705,1.203272277,1.357318747,1.436066505,1.373204889
IDRBS-053,QGSGGQTQTQSQATASATTGGATAQPQTKPKVRARRGQATDPHSIAERLRRERIAERMKSLQELVPNGN,0.265558034,Media,0.219190218,0.231884058,0.086956522,3.357971014,0.536007555,3.331576756,0,0.246376812,0.463768116,0.057971014,0.850595396,7367.6,24.452002,58.26325,0.442732,0.54206306,6.129268,0.857829638,0.894549767,0.881856347,0.937711383,0.983199938,1.100686585,1.121359943,1.133667131
IDRBS-054,TTMQSLCGSSSSTSSYYPLAISGIGETMAQDRALAALRNHKEAERRRRERINSHLNKLR,0.198133195,Baja,0.125148412,0.254237288,0.084745763,3.7,0.192187254,3.157027787,0.033898305,0.288135593,0.389830508,0.016949153,0.875560267,6616.7,21.24032,52.087677,0.40862817,0.5261152,6.1364427,0.986405488,1.065633471,1.014965941,1.08174461,1.118424157,1.2692615,1.288780428,1.274599377
IDRBS-055,PVLLEVEVDKKVPVLPMVAGGSGLDEFINFDPEVERQQTELRHKRTGGKH,0.274558112,Media,0.273432255,0.32,-0.04,3.982,-0.859487871,3.350625548,0.04,0.3,0.26,0.08,0.880637021,5592,19.841366,48.544308,0.41142407,0.5292386,6.2619033,0.832685586,0.832308527,0.84926838,0.901978912,0.942840318,1.011447391,1.05611987,1.063295078
IDRBS-056,EKLLDTMNRLDDKYRELRSQLSNKSLAPEVHQQISKQLADRERELLPIYGQIS,0.38125082,Media,0.050311692,0.339622642,0,3.541509434,-0.136983162,3.155568772,0.037735849,0.301886792,0.283018868,0.037735849,0.87250109,6260.3,20.71905,47.162636,0.43827325,0.5480222,6.1265407,1.249148037,1.259049738,1.354161996,1.470135952,1.652618787,1.824770362,1.829488329,1.739623424
IDRBS-057,SLVHMDIKPSNIFISRTSIPNAASEEGDEDDWASNKVMFKIGDLGHVTRI,0.298374156,Media,0.484845832,0.26,-0.06,4.198,-0.621432659,3.340493051,0.06,0.32,0.32,0.04,0.911788858,5542,20.986446,43.795826,0.42612875,0.542328,6.037014,1.029711522,1.066526778,1.083041444,1.143718111,1.218301889,1.384418444,1.423896778,1.384325222
IDRBS-058,MSATAATVPPAAPAGEGGPPAPPPNLTSNRRLQQTQAQVDEVVDIMRVNVDKVLERDQKLSELDDRADALQAGASQFETSAAKLKRKY,0.631488902,Alta,0.241511941,0.261363636,-0.011363636,3.881818182,-0.698896271,3.972976749,0.022727273,0.352272727,0.272727273,0.090909091,0.882965163,9393.8,29.216639,69.64374,0.42313135,0.54067224,6.1389575,0.873470944,0.896428656,0.900928467,1.030495567,1.121420556,1.272138444,1.361193444,1.473665667
IDRBS-059,DVDFGDSDNENEPDAYLARLKAEAREKEEDDDDGDSDEESTDEDFKPNENESDVAEEYDSNVESDSDD,0.211905188,Baja,0.273624912,0.544117647,-0.397058824,2.613235294,23.04012371,3.068932923,0.058823529,0.147058824,0.220588235,0.029411765,0.752677798,7681.9,28.19995,66.57765,0.46812525,0.54457736,7.9122257,0.665111133,0.683195744,0.695275422,0.716790711,0.741867056,0.758500989,0.768425722,0.828250722
IDRBS-060,DSDASGGGGDSDGAKKKKEKKSEKKEKKEKKHKEKERTKKPSKKKKDSGK,0.122332029,Baja,0.149311982,0.66,0.22,1.82,1.75612433,2.667496507,0,0.04,0.28,0.02,0.600728079,5559.3,21.70252,49.117023,0.4743863,0.57464516,5.992099,0.799542089,0.808361489,0.804705933,0.838848067,0.878334333,0.914645711,0.915208322,0.907380556
IDRBS-061,GGDSDNEKGGKSSKKRKTEPSPSKKANTSGSGFKSKEYISDDDSTSSDDEKDNEPAKKKSKPPSDGDAKKKKAKSESEPEESEEDSNASDEDEEDEASD,0.267383201,Media,0.410518289,0.505050505,-0.101010101,2.365656566,-1.802305054,3.60797176,0.02020202,0.070707071,0.343434343,0.060606061,0.721069122,10607.2,30.447931,68.79961,0.4225969,0.56333816,8.571808,0.679021189,0.670664967,0.684682033,0.752473222,0.782809578,0.829677444,0.869985433,0.849559589
IDRBS-062,HSSRPSQNIAAGLESPDQQAGAQILGQCGTGGSDEPSEPSRAEDPGPGPW,0.44025243,Media,0.301269308,0.18,-0.1,3.476,0.400013798,3.274464877,0.02,0.18,0.46,0.14,0.818688642,5027.4,20.010897,57.54958,0.44775784,0.53037125,5.86058,0.923405756,0.9362449,0.994664533,1.04567,1.120907456,1.255639556,1.280661111,1.353632889
IDRBS-063,ATYNNATEQEGKTYIQGETPEQANARYLKRVGAANNQNPAAEDKGATTPASKEEAKKSEAAAKNAGKAAGKALPKTSAVK,0.246570073,Media,0.181831598,0.275,0.05,3.41,-0.445135183,3.732104891,0.0375,0.3,0.3375,0.05,0.800184987,8276.3,27.753145,63.24514,0.4369161,0.56399006,6.035293,0.678061711,0.681462967,0.733628622,0.726773178,0.773047389,0.811686211,0.842379778,0.848710811
IDRBS-064,GAIQLTEALRMQMEVQKQLHEQLEVQRVLQLRIEEHAKYLEKMLEEQRKTGRWISSSSQTVLSPSDDSIPDSQNMSKTKASSPQPPLPAENKASETEDDKCESPQKRRRLENIAESEDPKR,0.634945521,Alta,0.197874531,0.338842975,-0.024793388,3.325619835,-0.346642163,4.167075755,0.016528926,0.256198347,0.314049587,0.066115702,0.898592956,13904.7,34.26175,80.76155,0.4368844,0.54959834,6.1465745,0.860343178,0.8915785,0.934002511,1.087419933,1.217044667,1.342036778,1.414067111,1.455803444
IDRBS-065,EFCIPTSSTIEQQNSARIRQNTREHPSTANTVDRTNHQLENLEAETAPLP,0.291134481,Media,0.267985776,0.22,-0.06,3.434,0.05866086,3.02391676,0.02,0.22,0.44,0.08,0.851065221,5644.8,19.651768,48.347744,0.4302348,0.529293,6.1655555,0.730931811,0.732929111,0.776994422,0.820829456,0.871887411,0.912162322,0.954437233,0.946407267
IDRBS-066,MPRGFLVKRSKKSTPVSYRVRGGEDGDRALLLSPSCGGARAEPPAPSPVP,0.11574345,Baja,0.320051417,0.26,0.1,3.934,0.04486681,3.27661741,0.04,0.26,0.26,0.16,0.82791103,5245.7,20.925032,45.689564,0.44112697,0.5397784,6.1280856,0.899471511,0.902399711,0.932277333,0.971764889,1.034767744,1.095687778,1.132178667,1.006990711
IDRBS-067,SSVSASSSPSPSTPTKSGKMRSRSSSPVRPKAYTPSPRSPNYHRFALDSPPQSPRRSSNSSITKKGSRRSSGSSPTRHTTRVCV,0.005659746,Baja,0.22228872,0.202380952,0.178571429,3.304761905,5.963634508,3.692986527,0.035714286,0.119047619,0.488095238,0.142857143,0.768228094,8975,28.312304,75.54444,0.42961806,0.5405708,6.702073,0.640638044,0.650161689,0.674278244,0.679554011,0.697970589,0.722897433,0.712135489,0.6517427
IDRBS-068,ATIKRLKRSPDKQAAALPRRERNRQAAAASPENSRGKGRRGQRGKNRGCV,0.092622157,Baja,0.262316093,0.38,0.26,2.956,6.227059618,2.558386968,0,0.24,0.3,0.06,0.804734493,5525.3,20.968767,58.74686,0.443003,0.5548149,5.833333,0.831311944,0.832474278,0.8371455,0.858887811,0.884831989,0.906096367,0.919074456,0.909814822
IDRBS-069,ATGFVKKDQLGKNEEGAPQEGILEDMPVDPDNEAYEMPSEEGYQDYEPEA,0.309124027,Media,0.226024412,0.36,-0.24,3.244,3.705569001,3.302901878,0.08,0.22,0.24,0.1,0.85091626,5560.5,21.218012,48.88213,0.46502924,0.5360807,6.8468614,0.868416367,0.894709989,0.925816844,0.989203411,1.053415089,1.131662111,1.182840333,1.171056333
IDRBS-070,EENRTEAPEETEPERETPSAINGNPSWHLADSPAVNGATGHSSSLDAREV,0.347578348,Media,0.188889459,0.28,-0.16,3.324,2.075558393,3.159080164,0.02,0.22,0.38,0.1,0.82150612,5341.9,24.774347,54.739155,0.42817065,0.5522701,6.12952,0.684872422,0.687090589,0.738094544,0.743267144,0.808112989,0.843713367,0.870334156,0.9262978
IDRBS-071,SGVNKSDKKVTPTEEKEQEAVSKSTSPAANSADTPNETGKRPLEEEKPPK,0.352984904,Media,0.128785409,0.38,-0.02,2.904,-0.458868164,3.129396924,0,0.16,0.34,0.12,0.786935091,5352.1,20.590494,52.89804,0.46447366,0.56613433,5.987641,0.8529747,0.856549444,0.894848822,0.972613656,1.028624522,1.072618856,1.109153789,1.162086856
IDRBS-072,AMQECMQKYPDLYPQEDEDEEEEREKKPAEQAEETAPIEATATKEEEGSS,0.333394831,Media,0.330999956,0.46,-0.26,2.804,5.120621913,3.041815496,0.04,0.2,0.2,0.08,0.780068048,5748.6,21.48543,51.81061,0.47304714,0.57228214,5.8474393,0.764624789,0.768003867,0.798369833,0.857183844,0.921418556,0.965410267,0.970686578,1.023992056
IDRBS-073,ILFKDNEKSCQNKESNKDDTKEAKESKENKEVSSPDDLELELENLEINDD,0.295424209,Media,0.15858008,0.5,-0.18,2.856,1.96185114,2.908157335,0.02,0.18,0.26,0.02,0.76166463,5794.8,21.68616,52.85184,0.47490746,0.58305526,5.792822,0.817245422,0.843117178,0.866985467,0.921004589,1.003479033,1.038946167,1.059151656,1.096161978
IDRBS-075,QPYEKKAAKLKEKYEKDIAAYRAKGKPDAAKKGVVKAEKSKKKKEEEDDEEDEEDEEEEEEEEDEDEEEDDDDE,0.172585063,Baja,0.605239928,0.716216216,-0.256756757,2.148648649,-3.434140883,3.166691963,0.040540541,0.162162162,0.054054054,0.027027027,0.649378625,8710.7,25.852077,60.221104,0.47298798,0.4702266,6.725257,0.723265367,0.733386811,0.750184889,0.768267244,0.809030022,0.827433778,0.864654533,0.860051344
IDRBS-077,LEEQKLQIQVELLELEKQRFRWQRFSKKRDQELERMRMENERMKLENDRMGLELKQRELGVE,0.283749678,Media,0.128188893,0.483870968,0,3.108064516,-0.696238433,3.037960735,0.048387097,0.274193548,0.193548387,0,0.769312367,7867.2,21.678186,51.08505,0.41757005,0.52227014,6.500279,1.269244111,1.248460889,1.319246444,1.474266333,1.444819667,1.564627778,1.531603111,1.595879444
IDRBS-078,NDHSDSSNKKRLCGNREAVRKYREKKKARTAYLEDEVMRLQSLNEQFLRKLQSQEMVETELIRLRALLVEMQ,0.18401755,Baja,0.280469216,0.388888889,0.055555556,3.452777778,-0.817268863,3.328635117,0.041666667,0.305555556,0.25,0,0.879160498,8644.2,24.464392,55.41734,0.4098442,0.53741133,6.2217793,0.6835035,0.698247033,0.711585089,0.738009,0.773770789,0.812754856,0.8339367,0.827857178
IDRBS-079,LDGLHNELQTIGFQIETIGKKVSSKRIPYAPSGEIPKFSLQDPPNKKPKV,0.328520193,Media,0.343218207,0.26,0.06,3.828,-0.581753174,3.541573438,0.06,0.24,0.32,0.12,0.888085736,5542.4,26.862906,55.03114,0.4537955,0.54326314,6.506425,1.054034733,1.063084367,1.123548556,1.180437556,1.171721556,1.317405222,1.378889444,1.414744556
IDRBS-081,LQAQNPLTESERRSMEDQIERLKNEKEGLLAELQNQEQERKEFELQVTTLKD,0.564446068,Alta,0.080547735,0.403846154,-0.096153846,3.107692308,0.657340786,2.979045695,0.019230769,0.25,0.307692308,0.019230769,0.815198208,6207.8,21.169718,48.40418,0.44158822,0.5538645,6.06333,0.883930756,0.878871589,0.951651889,1.036333389,1.188189778,1.299231778,1.398017444,1.372143667
IDRBS-082,FGPLLPTESERSLMERVRQELKLELKQGFKSRIEDVREEIMRKRRAGKLPGDTT,0.252874421,Media,0.172509015,0.425925926,0.055555556,3.514814815,-0.430426008,3.059673701,0.037037037,0.259259259,0.222222222,0.055555556,0.845122368,6350.2,21.270897,49.706272,0.43111473,0.54521203,6.276315,1.230583333,1.231187144,1.259824222,1.316699333,1.412938667,1.530288444,1.586939333,1.545845667
IDRBS-083,ESSDQAKEEEEKEEEEEERDSMMGQKIDGSEGEDIQIWGEEEVRRLMEIDA,0.32911106,Media,0.185405165,0.549019608,-0.31372549,2.870588235,8.625558559,2.827950556,0.019607843,0.215686275,0.215686275,0,0.74030881,5988.9,20.848928,46.607838,0.45523947,0.59291285,5.5913196,0.852453267,0.849300978,0.880119733,0.933244589,0.993316356,1.028581856,1.110171556,1.128203889
IDRBS-084,VSPTRSVLPANWRQELESLRNGNGSSSAASSAPAPARSSSASWRDAAPASSAPARSSSASKKA,0.371998746,Media,0.186637588,0.174603175,0.079365079,3.83968254,0.690201049,3.442933458,0.031746032,0.301587302,0.396825397,0.095238095,0.726004936,6323.7,22.889399,54.72095,0.43352273,0.54872566,6.042049,1.0020922,0.997740367,1.051761944,1.117593889,1.212245111,1.307521444,1.357122444,1.368241444
IDRBS-085,VTPSRSALPSNWKQELESLRSSSPAPASSAPAPARSSSASWRDAAPASSAPARSSSSKKAVTPSRSALPSNWKQELESLRSSSPAPASSAPAPARSSSASWRDAAPASSAPARSSSASKKAVTPSRSALPSNWKQELESLRSNSPAPASSAPAPARSSSASWRDAPASSSSSSADKA,0.616310613,Alta,0.129326452,0.18079096,0.06779661,3.779096045,2.435528842,4.882175225,0.033898305,0.282485876,0.372881356,0.129943503,0.687565367,17846.7,43.24939,102.29469,0.42738205,0.5638585,6.168107,0.788880733,0.784951178,0.8253701,0.927755611,1.079403889,1.227882444,1.287368778,1.268288556
IDRBS-086,GSSVKRQSTARTRSFTETNRRTPSVQSKHEFWEDPDDGSDSENEYEGEEEDGIGNDLDNESDWEDDSRVQKLTTTDNYEEELAKEVEQLLEPEERVILQQNEKPNLKMIST,0.421754627,Media,0.325913504,0.396396396,-0.162162162,2.988288288,2.480569364,3.850537324,0.054054054,0.162162162,0.351351351,0.036036036,0.894571972,12862.8,32.59599,73.55835,0.3935493,0.516535,8.010025,0.735854689,0.742968122,0.789220267,0.858351611,0.936464189,0.997238344,1.040064844,1.056417733
IDRBS-088,EQVSHGTQNRPLLRNSLDDLVGPPSNLEGQSDERALLDQLHTLLSNTDATGLEEIDRALGIPELVNQGQAL,0.290929746,Media,0.180582754,0.225352113,-0.112676056,3.957746479,1.499996408,3.709000533,0,0.323943662,0.394366197,0.056338028,0.838553125,7671.9,26.684748,61.983677,0.44480607,0.5603854,5.9878883,0.844597467,0.839897111,0.882328789,0.932607856,1.003283878,1.064200222,1.087279,1.079258667
IDRBS-089,QQQIQHRLQQAQLMRRRMATMNTRNVPQQSLPSPTSAPPGTPTQQPSTPQTPQPPAQPQPSPVSMSPAGFPSVARTQPPTTVSTGKPTSQVPAPPPPAQPPPAAVEAARQIEREAQQQQHLYRVNINNSMPPGRTGMGTPGSQMAPVSLNVPRPNQVSGPVMPSMPPGQWQQAPLPQQQPMPGLPRPVISMQAQAAVAGP,0.420285869,Media,0.209202521,0.08,0.05,3.7135,1.765616729,5.498950338,0.015,0.27,0.415,0.22,0.813048037,21238.3,48.204887,114.788055,0.41965786,0.54406786,6.8297334,0.561455056,0.563182256,0.572801278,0.622335622,0.679464533,0.7523303,0.796769467,0.800385111
IDRBS-090,VQPPRSISPSALQDLLRTLKSPSSPQQQQQVLNILKSNPQLMAAFIKQRTAKYVANQPGMQPQPGLQSQPGMQPQPGMHQQPSLQNLNAMQAGVPR,0.39912555,Media,0.262315765,0.09375,0.072916667,3.782291667,1.137355633,4.39334677,0.020833333,0.302083333,0.4375,0.145833333,0.832554173,10495.5,30.755177,75.15811,0.42556888,0.54424876,6.5629516,1.024234433,1.059171,1.075817856,1.123667,1.215625556,1.394638667,1.422128111,1.483503222
IDRBS-094,LPRRPGHDDGQRPSGGAAAAPRRGAQLRRPRHSHPTRARRCPGGLPGHAGGAAPGRGAAGRARCLGPSARGPG,0.095560055,Baja,0.245832518,0.232876712,0.178082192,3.434246575,4.569631352,3.325689781,0,0.232876712,0.356164384,0.150684932,0.685701957,7320,26.460678,63.208714,0.43348444,0.5497575,6.3821983,0.878037411,0.890853433,0.922271333,0.927334811,0.931889811,1.018396611,1.027735989,0.975265056
IDRBS-095,MSERQGAGATNGKDKTSGENDGQKKVQEEFDIDMDAPETERAAVAIQSQFRKFQKKKAGSQS,0.083892976,Baja,0.311761618,0.35483871,0,3.167741935,-1.451052731,3.231566852,0.048387097,0.209677419,0.370967742,0.016129032,0.855926635,6792.7,22.085386,48.65717,0.41838124,0.5339081,6.8153787,0.765707122,0.776163378,0.805220233,0.8370252,0.849486544,0.880260067,0.921213022,0.841736778
IDRBS-096,MDSKSVTPEPTNPFYASSGQSGKTYASVVAAAAAAAADKEDGGAVSSAKELDSSSEAVSGNSDKVGADDLSDSEKEKPNLVGDGKVSDEVDGSLKEDS,0.391917231,Media,0.124090623,0.295918367,-0.112244898,3.833673469,2.62849491,4.085872454,0.030612245,0.285714286,0.346938776,0.040816327,0.802180346,9770.6,31.65134,76.72101,0.44760814,0.57675695,5.834603,0.751433544,0.7526139,0.806766667,0.868691922,0.952255067,1.014838689,1.059788956,1.049398333
IDRBS-097,DSAEEDENKLPVEDIVSSREFSFGGKEVDQEPSGEGVTRVDGSESEEETEEMIFGSSEAAKQFLAELEKASSGIEAHSDEANISNNMSDRIDGQIVTDSDEDVDTEDEGE,0.348692714,Media,0.270366371,0.390909091,-0.263636364,3.509090909,22.27863193,4.007715308,0.036363636,0.227272727,0.327272727,0.018181818,0.844723651,11920.6,34.210266,84.15228,0.444809,0.58929765,6.5207524,0.648939533,0.651225778,0.690718833,0.743307122,0.7994411,0.840758378,0.872566411,0.877957067
IDRBS-099,LTNNVLSTAQQVYLRKLGGAKPNMDENASKIISAGRAKRSIAQPDDAGERFRQLKEQEKRSKKNKAVAKDTVELVEESQSESEEGSDDEEEEAREGALASSTTSKPLPEVGQRRSKRSKRKRTV,0.166355829,Baja,0.392994106,0.387096774,0.032258065,3.258870968,-2.181803617,3.948741802,0.016129032,0.25,0.314516129,0.032258065,0.872028609,13751.1,32.735962,71.7061,0.41589716,0.5269057,8.179739,0.815762489,0.842742511,0.8635551,0.8544371,0.906756878,0.949666767,1.0219765,0.9838854
IDRBS-101,DLCQLSAETKKTPSRSARRKKAKRQWLREKTKLEKEELLQTQLVVAPSQKPV,0.191292982,Baja,0.303230062,0.384615385,0.153846154,3.367307692,0.754384562,3.089446402,0.019230769,0.269230769,0.25,0.057692308,0.800494574,6055,22.850391,53.127693,0.43867284,0.5392033,6.217369,0.818731589,0.833779744,0.873730622,0.910383411,0.9457882,1.006304756,1.038272289,0.994798722
IDRBS-102,ADLKKELSGSSKKGELPPGRSTVAASTRYPFKDSEIENELNELRRKANDF,0.678681231,Alta,0.19104594,0.38,0.02,3.372,-0.585847347,3.101053445,0.06,0.22,0.28,0.06,0.856258086,5576.9,19.194973,51.02544,0.4240439,0.53907406,6.2787876,1.306301667,1.295897889,1.371263,1.492537556,1.693631778,1.888223111,2.062156111,2.176811889
IDRBS-104,KGTSTRKPRINSQLVAQQVAQQYATPPPPKKEKKEKVEKQDKEKPEKDKE,0.254711283,Media,0.091070287,0.44,0.12,2.56,0.955923795,3.135240459,0.02,0.16,0.26,0.12,0.797696159,5773.3,22.167212,53.942974,0.46306965,0.5485318,6.3615203,0.8835194,0.899965956,0.909140667,0.985001311,1.024956533,1.103105222,1.119521333,1.129463667
IDRBS-105,MSDAAVDTSSEITTKDLKEKKEVVEEAENGRDAPANGNAENEENGEQEADNEVDEEEEEGGEEEEEEEEGDGEEEDGDEDEEAESATGKRAAEDDEDDDVDTKKQKTDEDD,0.388068993,Media,0.438909978,0.576576577,-0.396396396,2.528828829,41.37269954,3.527900504,0,0.171171171,0.243243243,0.009009009,0.726928581,12202.6,38.481712,95.57873,0.48310426,0.6192088,5.444946,0.696682656,0.706062144,0.7367061,0.807299667,0.8271939,0.910206944,0.978975767,0.980105489
IDRBS-107,MATLIYVDKENGEPGTRVVAKDGLKLGSGPSIKALDGRSQVSTPRFGKTFDAPPALPKATRKALGTVNRATEKSVKTKGPLKQKQPSFSAKKMTEKTVKAKSSVPASDDAYPEIEKFFPFNPLDFESFDLPEEHQIAHLPLSGVPLMILDEERELEKLFQLGPPSPVKMPSPPWESNLLQSPSSILSTLDVELPPVCCDI,0.431860194,Media,0.204436101,0.26,0,4.0815,-3.474055406,5.452700905,0.06,0.285,0.265,0.12,0.918865425,21778,47.423656,110.34653,0.42361656,0.5660248,6.536263,0.701720911,0.724033511,0.758355689,0.786073878,0.885779733,1.019457478,1.068832778,1.033982456
IDRBS-108,MSARVRSRSRGRGDGQEAPDVVAFVAPGESQQEEPPTDNQDIEPGQEREGTPPIEERKVEGDCQEMDLEKTRSERGDGSDVKEKTPPNPKHAKTKEAGDGQP,0.446876755,Media,0.191046655,0.392156863,-0.078431373,2.942156863,-0.292164087,3.781023929,0.009803922,0.166666667,0.31372549,0.107843137,0.874192135,11153.3,32.58976,75.50499,0.44232568,0.55706614,6.579058,0.779815867,0.794918356,0.849642678,0.893020133,0.989320167,1.075439478,1.118294333,1.150922444
IDRBS-109,MRRRGEIDMATEGDVELELETETSGPERPPEKPRKHDSGAADLERVTDYAEEKEIQSSNLETAMSVIGDRRSREQKAKQEREKELAKVTIKKEDLELIMTEMEISRAAAERSLREHMGNVVEALIALTN,0.376526187,Media,0.141546346,0.410852713,-0.069767442,3.539534884,1.036321337,4.104228066,0.007751938,0.317829457,0.23255814,0.031007752,0.875637888,14657,36.3665,83.05283,0.42442358,0.5665865,6.046781,0.778613256,0.780342933,0.802178911,0.865631467,0.966840533,1.086336,1.117132622,1.076719289
IDRBS-110,MVRTKADSVPGTYRKVVAARAPRKVLGSSTSATNSTSVSSRKAENKYAGGNPVCVRPTPKWQKGIGEFFRLSPKDSEKENQIPEEAGSSGLGKAKRKACPLQPDHTNDEKE,0.203230843,Baja,0.221913926,0.297297297,0.081081081,3.530630631,0.583462039,4.165017912,0.045045045,0.225225225,0.333333333,0.081081081,0.918761093,11984,32.55789,78.293915,0.42364043,0.5498877,6.388435,0.743819611,0.774063544,0.778153511,0.818945422,0.854571944,0.913552033,0.9484841,0.931225178
IDRBS-111,VEEKKTRAAREGDRRDNRLRGPGGPRGGLGGGMRGPPRGGMVQKPGFGVGRGLAPRQ,0.258104328,Media,0.109351348,0.333333333,0.157894737,3.273684211,2.508579687,3.041928437,0.01754386,0.192982456,0.350877193,0.105263158,0.751519564,5962.9,22.960714,52.862232,0.44064578,0.5491447,6.1713004,1.079097444,1.107691,1.125808444,1.174977556,1.238374667,1.356255444,1.393450556,1.392990333
IDRBS-112,MESNQSNNGGSGNAALNRGGRYVPPHLRGGDGGAAAAASAGGDDRRGGAG,0.011657749,Baja,0.22742755,0.18,0.02,3.618,-0.263014237,2.973777327,0.02,0.26,0.5,0.04,0.742198128,4709.1,18.57644,44.239395,0.44433114,0.53873134,6.134462,1.032142533,1.037907567,1.045021278,1.035840467,1.050766944,1.052095278,1.041652322,1.048873544
IDRBS-113,MLCEDQHMSVENTPQKGSGSLNSSASSISIDVKPTMQSWAQEVRAEFGHS,0.339786931,Media,0.209199905,0.18,-0.06,3.904,0.13594621,3.292099572,0.04,0.26,0.46,0.04,0.916044757,5422.9,19.422052,46.426533,0.44326735,0.5498435,6.0905485,0.936365689,0.932497111,0.990627689,1.042574311,1.098104111,1.178349333,1.261748889,1.250421
IDRBS-114,EVKFERLVKEEKLKTPYKRRHSFTPPSNENSRSNSPNSSNSSANGDAAAPKGGNNPHSRNSKKSGNFRAHKEEKRVRHN,0.152193454,Baja,0.162124768,0.329113924,0.126582278,2.725316456,2.592721886,3.376617083,0.050632911,0.126582278,0.417721519,0.075949367,0.830107196,8912.7,26.00484,62.622112,0.42508388,0.5453236,6.4315095,0.841871056,0.850593611,0.865597144,0.881005411,0.927772367,1.0102903,1.006031567,0.981176467
IDRBS-115,MIKRELMKDPRLANEDWSRFLPKFKNKNISKRKQPKVKKQKKEYTPFPPSQPESKVDKQLASGEYFLNQEQKQAKRNQERTEKQKEAAKRQDERRNKDFVPPTEESAASSRKKEDGSSSSKVDVKALKAKLIKANKKARSS,0.310384681,Media,0.171233296,0.425531915,0.141843972,2.90141844,8.684179019,4.203037234,0.056737589,0.19858156,0.255319149,0.063829787,0.867827467,16443.1,37.799007,89.56235,0.40595406,0.5546536,6.172754,0.787857556,0.8052814,0.768334367,0.806676656,0.887443789,0.963507222,0.996170678,1.055734767
IDRBS-116,GQHMKKSSLSESSSDMMDLDDGVESTPGLTETHPGRSAVAPFLGAQQQQQQPVASSLSMSIDKQLQHPLQQLTQTQLYQQQQQQQQQQQNGFKQQQQQTQQQLQQQQSHTINASAAAATSGSGSSGLTMRHNNALAVSIETDV,0.76100219,Alta,0.340053737,0.111888112,-0.027972028,3.551048951,-0.107788846,4.571278529,0.020979021,0.251748252,0.58041958,0.034965035,0.84058014,15550.3,39.359634,83.32854,0.39757022,0.5354259,6.4335,0.750784578,0.756548811,0.815095344,0.887207933,1.021523778,1.192507,1.312986333,1.333601444
IDRBS-117,KKFKEEEKPAWAKKDIRDYSEADLERLLDQWEEDEEPLEDDELPEHLRPQPKLDLSNLDSKSPEDLLKVSKKG,0.243525628,Baja,0.288595974,0.506849315,-0.123287671,3.006849315,-0.75732258,3.600680543,0.054794521,0.219178082,0.136986301,0.082191781,0.804421253,8651.6,26.513014,59.382874,0.4661129,0.52981675,8.131109,0.800574289,0.8185452,0.8424795,0.880203867,0.900391267,1.001506689,1.006521756,1.017716844
IDRBS-118,MSSPDDFETAPAEYVDALDPSMVVVDSGSAAVTAPSDSAAEVKANQNEENTGATAAETSEKVDQTEVEKKDDDDTTEVGVTTTTPSIADTAATANIASTSGASVTEPTTDDTAADEKKEQVSG,0.468771679,Media,0.168826438,0.276422764,-0.178861789,3.876422764,11.32626592,4.395591883,0.016260163,0.300813008,0.357723577,0.048780488,0.80805865,12476.9,37.691254,89.61272,0.4557099,0.58285886,5.6715474,0.692332833,0.712038244,0.762363833,0.8190369,0.911277044,0.981636744,1.035573133,1.046445311
IDRBS-119,YDNFREVVDSRLQEESHSNGVDNSNSNSDNKDSIRPKTEIISTNTNGATEDSTSEKVMVDAEQQARLQEQAQLLRQHVSSTASITSGGHNDLVQIEQPQKDTSNNNNSNVNDEDNDLLTQDNNPQTADEGNASFQAQRSMISRGALPSHN,0.612603428,Alta,0.173916079,0.24,-0.093333333,3.280666667,3.65127859,4.258495473,0.02,0.22,0.493333333,0.026666667,0.89214249,16494.8,37.532444,85.95593,0.4267756,0.5449429,6.292193,0.773525722,0.778966822,0.8405242,0.9171105,1.038997844,1.181590678,1.254703333,1.261459556
IDRBS-120,QRGYKTFEEIQKEEEARQQQEEDEAVDEIKQEIKFTKQSSVASTRNTLKMAQDAERAGMNTLGMLGHQSEQLNNVEGNLDLMKVQNKVADEKVAELKKLNR,0.541920982,Alta,0.193843283,0.356435644,-0.03960396,3.362376238,-0.867809049,3.880871634,0.02970297,0.287128713,0.326732673,0,0.882934213,11589.7,29.834166,70.30632,0.42024356,0.5474978,6.191908,0.847925411,0.857739933,0.924754756,1.010872678,1.133581778,1.293374556,1.340428111,1.322988889
IDRBS-121,SILAVHVSNPFNSKRRRREREEQLKNRKIEEKLMREQTSQQLSQSTQRIEGAMNANNNISEVRERYQRKNVLEKAKRYQFENDEEDDEMELEIDRNLDQIQQVSNRLKKMALTTGKELDSQQKRLNNIEESTDDLDINLHMNTNRLAGIR,0.514272232,Media,0.294209018,0.373333333,-2.78E-17,3.151333333,-2.088165835,4.03225329,0.026666667,0.26,0.333333333,0.006666667,0.887553298,17873.5,35.547897,77.660706,0.39228773,0.50668013,6.8987365,0.753916378,0.740919644,0.786393444,0.876116911,1.016123111,1.119379733,1.155704033,1.123741389
IDRBS-122,MSQEQPRRPQAGQDPIKYGDVLPVSGDLSQKPITPEDAAMMQSAESRVLGQTQPGGVASVMQSAATRNEQAGIVGHKDVTDVTGDRGVTVTETQVPGRRI,0.673197193,Alta,0.171404608,0.22,-0.02,3.875,-0.263152664,4.149111143,0.01,0.3,0.39,0.08,0.884213014,10568.4,31.112757,74.55903,0.42893434,0.5577739,6.1392183,0.907662378,0.898160589,0.953637789,1.038895833,1.187002444,1.343115889,1.458399222,1.504507667
IDRBS-123,ITETVGGQVVGQFVEPTPVQVGLTGAVRESALTIGEALEATAHTVGDKPVEQSDASAIQAAEVRATGSNVITPGGLASMAQSAAAFNAECQREEEKIKMG,0.659981923,Alta,0.110562664,0.19,-0.07,4.473,1.041982303,4.325471705,0.02,0.38,0.36,0.04,0.873254638,10135.8,31.474619,72.73772,0.43984163,0.56997496,5.759114,0.748783967,0.760674178,0.820947,0.904794467,1.006271078,1.129832333,1.223858444,1.264082444
IDRBS-124,MASHQEQSYKAGETRGKAQEKTGEAMGTMGDKTQAAKDKTQETAQSAQQKAHETAQSAKDKTSQAAQTTQERAQESKDKTGSYMSETGEAIKNKAHDAAEYTKETAEAGKEKTSGILGQTGEQVKQMAMGATDAVKHTLGLRTDEGNKEHVSSAPSTTTTTTTRETQRK,0.465584153,Media,0.078260586,0.295857988,-2.78E-17,3.183431953,-0.249976154,4.477421126,0.017751479,0.224852071,0.455621302,0.00591716,0.83292838,18101,40.16032,98.33536,0.42637706,0.5698158,5.8526077,0.785953889,0.806234422,0.835847044,0.901335256,0.982013444,1.098888222,1.161131556,1.181796889
IDRBS-125,WEAEENVPYTAYFDKARKTRAPGSKIMNPNDPEYNSDSQSQAPPHPPSSRTKPEQVDTVRRSREHMRSREESELKQFGDAGGSSNEAANKRQGRASQNNS,0.237972419,Baja,0.231044665,0.31,0.01,2.858,-0.70944126,3.723278687,0.06,0.16,0.38,0.09,0.904767678,11263.4,28.41231,67.62155,0.42220828,0.5165943,7.0135846,0.787785489,0.787495467,0.8109606,0.871523144,0.911744422,0.986815911,0.998687644,0.974658133
IDRBS-126,RDNSGVTLEGPKDLPPQLESNQGARGSGSANSVGSSTTRPKSPWMPFPTL,0.355993426,Media,0.211313628,0.18,0.02,3.608,-0.281100482,3.348503385,0.04,0.18,0.46,0.14,0.858513936,5207.4,20.04018,46.523003,0.43637997,0.54016745,5.955424,1.100022889,1.120767556,1.163963556,1.234316333,1.344122889,1.465237444,1.525337556,1.520577444
IDRBS-127,MASYQNRPGGQATDEYGNPIQQQYDEYGNPMGGGGYGTGGGGGATGGQGYGTGGQGYGSGGQGYGTGGQGYGTGTGTEGFGTGGGARHHGQEQLHKESGGGLGGMLHRSGSGSSSSSEDDGQGGRRKKGITQKIKEKLPGHHDQSGQAQAMGGMGSGYDAGGYGGEHHEKKGMMDKIKEKLPGGGR,0.44870876,Media,0.233007543,0.182795699,0,3.317741935,-0.790949142,4.774915462,0.064516129,0.123655914,0.602150538,0.02688172,0.798268394,18464.5,36.958057,85.81034,0.38717446,0.527373,6.152311,0.871309744,0.864025322,0.908182033,0.970643056,1.073213556,1.183906556,1.280661778,1.252229667
IDRBS-128,MAEEYKNNVPEHETPTVATEESPATTTEVTDRGLFDFLGKKEEEVKPQETTTLESEFDHKAQISEPELAAEHEEVKENKITLLEELQEKTEEDEENKPSV,0.34195641,Media,0.159125611,0.4,-0.2,3.299,10.32101667,4.084437123,0.04,0.22,0.28,0.06,0.838005241,11425,34.255432,83.90015,0.46633083,0.57747614,5.874318,0.669089911,0.690754311,0.716441378,0.779088556,0.829494233,0.909066733,0.949881922,0.930465378
IDRBS-129,IEKLHRSNSSSSSSSDEEGEEKKEKKKKIVEGEEDKKGLVEKIKEKLPGHHDKTAEDDVPVSTTIPVPVSESVVEHDHPEEEKKGLVEKIKEKLPGHHDE,0.323040445,Media,0.190695666,0.46,-0.08,3.131,0.75520658,3.985498146,0,0.2,0.28,0.06,0.782078367,11220.6,31.235035,79.90069,0.46228966,0.57329965,5.95628,0.727512989,0.732895056,0.773358822,0.810120989,0.886217222,0.940135633,0.991906478,0.974723956
IDRBS-130,KAEDSPAVTSTPLVVTEHPVEPTTELPVEHPEEKKGILEKIKEKLPGYHAKTTEEEVKKEKESDD,0.737421546,Alta,0.127611801,0.415384615,-0.107692308,3.363076923,1.247180516,3.738806484,0.015384615,0.230769231,0.230769231,0.107692308,0.779920298,7273.5,25.71726,61.64992,0.4620822,0.578166,6.076222,0.897267611,0.890807822,0.972015389,1.067952889,1.222682778,1.377875111,1.516122111,1.548321667
IDRBS-131,TAGEKEDAPRRERKPRPTTPRRKEGAERKPRAQKPVEKAPKTVKAPREEQ,0.178208117,Baja,0.121990409,0.52,0.16,2.352,1.178729713,2.749172206,0,0.16,0.16,0.16,0.704101068,5773.9,22.409115,57.461376,0.45015562,0.5508254,6.396236,0.788407667,0.812604622,0.834402044,0.872642544,0.920227911,0.962447989,0.9854186,0.961623067
IDRBS-132,RQLALEAKGETPSAVTRLSVVAKSEPQDEQSRSQSPRRIILSRLKAGEVD,0.267206635,Media,0.240406536,0.32,0.04,3.78,-0.355820998,3.078492379,0,0.32,0.3,0.06,0.826912663,5485,20.771708,52.733418,0.45236608,0.5514589,5.978225,0.904205811,0.910823789,0.926510356,0.983334744,1.077492878,1.146095711,1.185836111,1.155711811
IDRBS-133,YNGQSETSQQPETPVFNTLPMMGKASPVSLGVPSEATANNGQQQQVQEQRRRINAMLQDYELQRRLHSEQLQFEQAQTQQAAVQVPGIQTLGTQSQ,0.61431083,Alta,0.26444722,0.145833333,-0.020833333,3.572916667,-0.144997287,4.056378578,0.041666667,0.260416667,0.489583333,0.0625,0.870456451,10707,28.308426,65.628,0.3979652,0.5111715,6.4975095,0.958634989,0.969804089,1.027125456,1.146441444,1.315826889,1.531334556,1.648758556,1.566797111
IDRBS-134,KKAMSDDEPKQDKTSQDADFTAKTIADKQADTNQEQAKTEDAKRHDKEQV,0.359163519,Media,0.116461113,0.46,-0.06,2.63,-0.195478973,2.853766096,0.02,0.2,0.3,0.02,0.779111803,5666,20.520132,50.19253,0.4376847,0.5539003,6.025154,0.884591811,0.891767822,0.951578411,1.018432144,1.090764222,1.183366667,1.224656111,1.212225889
IDRBS-135,MVYKHAISTVVPSRPVSHHSNNAGGGTSSNYHHGSSAQNTSAQQDSEETE,0.241772117,Baja,0.748849511,0.12,-0.04,3.486,-0.756570937,3.151936265,0.04,0.2,0.6,0.04,0.850796723,5281.4,19.078892,45.452675,0.4067666,0.50186306,6.394841,1.017657622,1.064906411,1.081340078,1.135534867,1.214079111,1.344242222,1.406483667,1.326114333
IDRBS-136,RALGMSMRVERSSLEQVQERFEVLKKRKAPGTFTEQDLDERIRKQQEEEEELKRQRREKKKEKKKGKVVEEEPEMDPEVAEMMGFGGFGSSKKS,0.269338862,Media,0.299856946,0.489361702,0.021276596,3.046808511,-1.237834944,3.593242492,0.042553191,0.212765957,0.223404255,0.031914894,0.825167879,11084.9,28.36732,66.45613,0.42643112,0.5515135,6.1050334,0.911318156,0.899280567,0.960542044,1.015714278,1.096623,1.155782111,1.165049,1.142306333
IDRBS-137,NKPEKDAEMDTDSSTPVVKTKVRGKKVKRRYKEEKEEIAGSIRWLAEVVMRSERARMETMKEIERMRAEAEAKRGELDLKRTEIMANT,0.20477696,Baja,0.171517886,0.477272727,0.045454545,3.325,-0.633191077,3.5261432,0.022727273,0.306818182,0.170454545,0.022727273,0.843253233,10309.6,27.85289,66.56995,0.4149837,0.55770177,6.122648,0.758415489,0.740336367,0.747317122,0.780859878,0.8411575,0.869817356,0.8991406,0.891332811
IDRBS-138,RKLLGEGIDACSIEELQQLENQLDRSLSRIRAKKYQLLREEIEKLKAEERNLVKENK,0.242975511,Baja,0.197063088,0.438596491,0.01754386,3.496491228,-0.842204796,3.124154089,0.01754386,0.315789474,0.210526316,0,0.798093467,6758,21.854525,52.22265,0.43050355,0.5410213,6.0650325,1.648071667,1.637381667,1.783271889,1.942153889,2.012452667,2.173398333,2.071853444,2.044353111
IDRBS-139,LSELWNIDPKRAKRILANRQSAARSKERKARYIQELERKVQSLQTEATTLSAQLTLYQRDTNGLANENTELKLRLQAMEQQAQLRNALNEALRKEVERMKMETGEISGNSDSFDM,0.376783085,Media,0.166266419,0.32173913,0.026086957,3.544347826,-1.337957932,3.9686066,0.034782609,0.32173913,0.313043478,0.008695652,0.878950558,13296.2,31.83378,73.33301,0.41070256,0.54048634,6.1851277,1.459659,1.546301111,1.675419556,1.743008667,1.982354,2.191746556,2.178979778,2.137633
IDRBS-140,NTLKDILEEFMRQTVKMEKEWRDAWEMKEIEREKREKEWRRRMAELEEERAATERRWMEREEERRLREEARAQKRDSLIDALL,0.073354896,Baja,0.07970334,0.578313253,-0.024096386,2.878313253,-0.325180864,3.099947498,0.060240964,0.277108434,0.084337349,0,0.766100897,10616.8,25.212442,61.97623,0.4058833,0.54346126,6.560436,0.581076778,0.555405822,0.592240156,0.621603678,0.598466456,0.590015178,0.608957656,0.596243933
IDRBS-141,SEGGGGGTSGAARKREYSSDEEEENVNEELVDVSNDPKILNPKKNIAKKRKGGSNSSNSNNGVREVLEEFMRHQVRMESEWREGWEAREKERAEKEEEWRRKMEELEKERLAMERMWRDREEQRRSREEMRAEKRDSLINAL,0.628344834,Alta,0.167801574,0.478873239,-0.028169014,2.834507042,-0.817439972,3.782237394,0.042253521,0.211267606,0.253521127,0.014084507,0.84686417,16834.9,34.0909,78.4915,0.4079833,0.5427551,6.7371736,0.888133122,0.941228111,1.036387022,1.1170116,1.237665222,1.403038778,1.540464667,1.533680667
IDRBS-142,PFRDELHINEDMDMHESAKLERQRREEARRSLRSGLTGLPQPKNEYQIVAQPPPEESEEPEEKIEEDMSDRIAREKAEEEARQQALLKKRSKVLQRDLPRPPAASLAVIRNSLLSADGDKSSVVPPTPIEVADKMVREELLQ,0.171597444,Baja,0.189862244,0.387323944,-0.049295775,3.458450704,-0.194689773,4.334825149,0.014084507,0.302816901,0.204225352,0.091549296,0.877186692,16259.2,38.21692,89.22353,0.4412561,0.56051767,6.356426,0.612683178,0.604735989,0.615146533,0.661062856,0.667154278,0.698654644,0.701584078,0.710330578
IDRBS-143,MADRVKGPWSQEEDEQLRRMVEKYGPRNWSAISKSIPGRSGKSCRLRWCN,-0.025896667,Baja,0.295544982,0.34,0.1,3.302,-0.150457687,2.970716225,0.08,0.2,0.28,0.06,0.904789579,5879.5,19.353271,44.53955,0.4050576,0.50265366,6.54863,1.135755444,1.178945556,1.108133,1.155688556,1.180093889,1.239798111,1.199320778,1.148200178
IDRBS-144,VEKLTEENRRLEKEAAELRALKLSPRLYGQMSPPTTLLMCPSCERVAGPSSSNHNQRSVSL,0.606144794,Alta,0.092925072,0.262295082,0.032786885,3.849180328,-0.139699496,3.46526935,0.016393443,0.295081967,0.31147541,0.081967213,0.862757022,6802.7,23.887377,55.185658,0.45286506,0.5506467,6.121369,0.943394089,0.9285688,1.107531278,1.341451444,1.443830111,1.563583,1.551098333,1.493152556
IDRBS-145,TPEEVKLKAQELRERARKKKEEEEKRMEREREKERIRIGKELLEAKRMEEVNERKRLMFLRKAEKEEEKRAREKIRQKLEEDKAERRRKLGLPPEDPATAAAKPSV,0.471785019,Media,0.107447524,0.603773585,0.075471698,2.76509434,0.831307795,3.433397526,0.009433962,0.264150943,0.075471698,0.047169811,0.753524464,12882,35.04915,81.66589,0.43117112,0.56776065,5.9948087,0.679258389,0.703253944,0.715285367,0.778937644,0.8628356,0.971232522,1.036615333,1.0373453
IDRBS-146,PLQEIFGVTKNNDHEKHDEEPDEESYRMAKRQRSMEYRMMMEKKRRKEIKDKVDIL,0.057637024,Baja,0.241027154,0.5,0,2.848214286,-1.915030726,2.92216511,0.053571429,0.232142857,0.178571429,0.035714286,0.880884157,6966.7,21.456709,49.118748,0.42163008,0.52738106,6.349402,0.788979944,0.820976889,0.803661633,0.830875356,0.844435989,0.854009267,0.857480922,0.8682122
IDRBS-147,KRKLSIPMTVARVVKYIPEQKQELQRLSRRKEELLKRISRKTHQEQLRNKAMMDSID,0.083735024,Baja,0.229559042,0.403508772,0.157894737,3.407017544,1.888023551,3.115775928,0.01754386,0.315789474,0.228070175,0.035087719,0.861522163,6928.3,22.635489,52.463135,0.43127787,0.53814864,6.1136565,0.749477244,0.801954967,0.783271011,0.833507633,0.8368266,0.895193322,0.901074911,0.871234289
IDRBS-148,YTSVYNNSLEAEPSSNNDQDEDRINDKMKRRLAQNREAARKSRLRKKAHVQQLEESRLKLSQLEQELV,0.085835077,Baja,0.333661884,0.382352941,0.029411765,3.048529412,-1.771636374,3.082087368,0.029411765,0.264705882,0.308823529,0.014705882,0.84862089,8050.1,26.647673,55.20712,0.4177946,0.5167484,6.5760903,0.8073969,0.844676656,0.823840467,0.906048167,0.8665784,0.9210643,0.975588889,0.917633533
IDRBS-149,LQVVDSRMEEEEVDAAETIEEEEQREQRSYKEKVEILKRKKMELKAARLAKRSKTSEGSVKKPKKTEEESPSDEEDDEDSAVDWR,0.195839449,Baja,0.370213985,0.541176471,-0.094117647,2.928235294,-0.90083603,3.425153484,0.023529412,0.235294118,0.176470588,0.023529412,0.809845043,9981.7,26.137077,64.51499,0.43253458,0.5547709,6.968737,0.753886111,0.739151522,0.761340478,0.780282767,0.797333422,0.843291744,0.873379411,0.884131611
IDRBS-150,MMLTKSVVISRPAVRPVSTRRAVVVRASGQPAVDLNKKVQDAVKEAEDACAKGTSADCAV,0.375959847,Media,0.205980532,0.266666667,0.066666667,4.498333333,-0.540013821,3.443845394,0,0.433333333,0.216666667,0.05,0.843765814,6280.9,22.179335,61.64397,0.43217087,0.55504954,5.990457,0.841932244,0.889203911,0.881217433,0.939256978,1.0186421,1.138001556,1.213302444,1.222837889
IDRBS-151,MATIATGLNIATQRVFVTSENRPVCLAGPVHLNNSWNLGSRTTNRMMKLQPIKAAPEGGISDVVEKSIKEAQETCAGDPVSGECVAAWDEVEELSAAASHARDKKKADGSDPLEEYCKDNPETNECRTYDN,0.566619139,Alta,0.191009395,0.267175573,-0.053435115,3.908396947,-0.547213752,4.445779126,0.038167939,0.297709924,0.305343511,0.053435115,0.94495964,14161.5,35.34948,84.965546,0.4278075,0.56046945,6.533155,0.884777478,0.9008594,0.927433533,1.074063556,1.172148889,1.312238444,1.383250444,1.411863444
IDRBS-152,MSDQSQEPTMEEILASIRRIISEDDAPAEPAAEAAPPPPPEPEPEPVSFDDEVLELTDPIAPEPELPPLETVGDIDVYSPPEPESEPAYTPPPAAPVFDRDEVAEQLVGVSAASAAASAFGSLSSALLMPKDG,0.295370265,Media,0.2132622,0.255639098,-0.195488722,4.145112782,13.18818637,5.036476759,0.037593985,0.338345865,0.180451128,0.187969925,0.816985684,13905.3,43.490658,99.82075,0.44288227,0.57163966,6.466949,0.6265087,0.633956667,0.653527689,0.6809154,0.735572044,0.762274722,0.7938052,0.821495689
IDRBS-153,CLRKKRKPQAEKVDVIAGSSKMKGFSSSESESSSESSSSDSEDSETEMAPKSKKKGHPGREQKKHHHHHHQQMQQAPAPVPQQPPPPPQQPPPPPPPQQQQQPPPPPPPPSMPQQAAPAMKSSPPPFIATQVPVLEPQLPGSVFDPIGHFTQPILHLPQPELPPHLPQPPEHSTPPHLNQHAVVSPPALHNALPQQPSRP,0.414587035,Media,0.371219963,0.16,0.01,3.3515,-0.855454839,5.577558139,0.02,0.195,0.37,0.25,0.830207495,21718,49.178524,115.2539,0.42166317,0.5435077,7.03029,0.674206544,0.677513856,0.690760689,0.7268927,0.764390711,0.885562022,0.9003413,0.956975533
IDRBS-154,SNRAAALPPKPARPPAVSPALTQTPLLPQPPMAQPPQVLLEDEEPPAPPLTSMQMQLYLQQLQKVQPPTPLLPSVKVQSQPPPPLPPPPHPSVQQQLQQQPPPPPPPQPQPPPQQQHQPPPRPVHLQPMQFSTHIQQPPPPQGQQPPHPPPGQQPPPPQPAKPQQVIQHHHSPRHHKSDPYSTGHLREAPSPLMIHSPQM,0.94098639,Alta,0.332013279,0.08,0.02,3.422,0.008849739,5.891521971,0.015,0.22,0.36,0.325,0.751287637,21964.9,49.025215,116.26531,0.41360682,0.5375661,7.579657,0.650246689,0.658431911,0.679007844,0.840984533,1.088615333,1.266124222,1.306237444,1.274492889
IDRBS-155,SQFQSLTHQSPPQQNVQPKKQELRAASVVQPQPLVVVKEEKIHSPIIRSEPFSPSLRPEPPKHPESIKAPVHLPQRPEMKPVDVGRPVIRPPEQNAPPPGAPDKDKQKQEPKTPVAPKKDLKIKNMGSWASLVQKHPTTPSSTAKSSSDSFEQFRRAAREKEEREKALKAQAEHAEKEKERLRQERMRSREDEDALEQAR,0.656605857,Alta,0.08769821,0.335,0.045,3.2215,0.844791376,4.969755968,0.025,0.235,0.265,0.14,0.878136822,22716.6,48.265625,112.223206,0.43700105,0.5558798,6.513704,0.640665333,0.643574544,0.683100622,0.748248611,0.851277233,1.001795411,1.079602656,1.068935744
IDRBS-156,RAHEEARRRQEQQQQQRQEQQQQQQQQAAAVAAAATPQAQSSQPQSMLDQQRELARKREQERRRREAMAATIDMNFQS,0.415878499,Media,0.077090262,0.294871795,0.038461538,2.732051282,-0.142590253,3.12030278,0.012820513,0.269230769,0.397435897,0.025641026,0.727186251,9201.2,23.68197,54.605335,0.40565407,0.5134509,6.263062,0.837848456,0.8638109,0.890688678,0.946314133,1.040436656,1.191438022,1.254279289,1.228386022
IDRBS-157,EHHSGSQGPLLTTGDLGKEKTQKRVKEGNGTSNSTLSGPGLDSKPGKRSRTPSNDGKSKDKPPKRKKADTEGKSPSHSSSNRPFTPPTSTGGSKSPGSAGRSQTPPGVATPPIPKITIQI,0.297124508,Media,0.183088489,0.25,0.1,3.189166667,2.432414835,4.301757402,0.008333333,0.116666667,0.491666667,0.133333333,0.831358005,12359.8,38.092163,86.423904,0.43769562,0.5723446,6.1617293,0.7297763,0.7407188,0.761647867,0.7680281,0.820944978,0.890127833,0.922281256,0.960043511
IDRBS-159,ASSSSFSSSGSSMSSSQNQHGSSKGKSPSRNKKPSLTAVIDKLKHGVVTSGPGGEDPLDGQMGVSTNSSSHPMSSKHNMSGGEFQGKREKSDKDKSKVSTSGSSVDSSKKTSESKNVGSTGVAKIIISKHDGGSPSIKAKVTLQ,0.437461993,Media,0.171889156,0.222222222,0.069444444,3.602777778,1.90301247,4.51060124,0.013888889,0.180555556,0.541666667,0.041666667,0.82004358,14654,38.969368,93.6164,0.43071783,0.57178557,5.913214,0.740080856,0.7611981,0.805328133,0.850620056,0.906026778,1.0112696,1.050136556,1.092205556
IDRBS-160,KPGESSGEGLRPQMASSKNYGSPLISGSTPKHERGSPSHSKSPAYTPQNLDSESESGSSIAEKSYQNSPSSDDGIRPLPEYSTEKHKKHKKEKKKVKDKDRDRDRDKDRDKKKSHSIKPESWSKSPISSDQSLSMTSNTILSADRPSRLSPDFMIGEEDDDLM,0.289828796,Media,0.178046301,0.355828221,0.012269939,3.006134969,-1.573729891,4.464116501,0.036809816,0.147239264,0.374233129,0.085889571,0.863592001,18086.7,41.60278,92.6274,0.42819297,0.5494368,6.6124415,0.713796911,0.724309944,0.740522589,0.797755189,0.819030133,0.890134367,0.927580278,0.9339504
IDRBS-161,TKGTDEVPVPPPVPPRRRPESAPAESSPSKIMSKHLDSPPAIPPRQPTSKAYSPRYSISDRTSISDPPESPPLLPPREPVRTPDVFSSSPLHLQPPPLGK,0.470886683,Media,0.181320906,0.23,0.03,3.569,-0.117419525,4.509870059,0.03,0.2,0.27,0.27,0.81085495,10806.1,34.373894,80.72869,0.42143214,0.5466651,6.696807,0.743256922,0.765174833,0.8025067,0.852906344,0.913723967,1.029547356,1.115733333,1.125607
IDRBS-162,KVLQTRMARLIVEHSSTEGKLMKRIEMLEKHLSRYKALARRQKTMHGVSIDGGDISTDGVDERVRPPRLRQTKTIDLPTGTESESLLK,0.503916721,Media,0.251130529,0.340909091,0.068181818,3.778409091,0.123821213,3.761353708,0.011363636,0.306818182,0.306818182,0.034090909,0.886941592,10018.2,28.751707,69.636444,0.43553826,0.55590814,5.9950275,0.877316267,0.882471556,0.928941356,0.993864956,1.112774833,1.274554111,1.357775778,1.333993444
IDRBS-163,EVDMRPSPKLAEEARRDAERYQKEHEMINRQAEATLQKKAEEYRHQTEAEAEKIRRELEKQHERDIQFRKDLIDQTIEKQKREVDLEAKMAKRELDREAQL,1.810623523,Alta,0.071853722,0.504950495,-0.02970297,2.882178218,-0.081211544,3.505367667,0.02970297,0.277227723,0.168316832,0.01980198,0.82957334,12309.5,29.373487,71.84516,0.42455518,0.5537976,6.11465,0.968924844,0.967216633,1.044168778,1.224643667,1.621033778,2.382969556,2.939583667,2.716144556
IDRBS-164,MASHGQSYRAGEATGRAEEKADQMMGKTRGATEAMKNKAQQAKDKTMETAQAAKEKTSEKAYEAKDKTSNMAQSAKGQAQQSKDQTGSFASDKAQAAKDKAYQAAQATKEKASDMTEYAKETAEAGKEKTGGILQRTGEQVKSMAQGAADAVKNTFGMGEPEEDDPIKTTRP,0.638611716,Alta,0.118814945,0.325581395,0.011627907,3.268604651,-0.608641721,4.537287676,0.034883721,0.273255814,0.348837209,0.01744186,0.833952044,18342.6,41.36879,97.647675,0.42004228,0.5721505,5.863255,0.813111789,0.816314867,0.862100733,0.919722222,1.037211233,1.204879778,1.307823444,1.337587333
IDRBS-165,MEKSKKEQMKELEKMRADFQRDLELQKKQIVDRAQSEIARLREEEENHHGGGDDDESEDEEMENDSDVNLSDE,0.323921424,Media,0.260482572,0.520547945,-0.191780822,2.743835616,2.036160752,3.130141191,0.01369863,0.219178082,0.246575342,0,0.824984417,8648.4,25.267443,65.829384,0.39889345,0.551474,9.356968,0.7638923,0.769068,0.793352144,0.859133989,0.919120644,1.024617833,1.038785089,1.019155667
IDRBS-166,ARIGSDPLAYEPKEDLPVITIDPASPQSPESVDLVNEELKGKVLGLSRDPAKVAEEDEDDDGGIMMRSKETSSPGTDDVFTPAPSDSPSSQRIQRCLSDPGPHPEPGEGEPFFPKGQ,0.36486583,Media,0.270738661,0.307692308,-0.11965812,3.645299145,3.834095754,4.456338422,0.034188034,0.222222222,0.282051282,0.145299145,0.889403143,12479.2,36.079247,86.81,0.42946053,0.55801755,6.4272213,0.658205778,0.668519344,0.699313644,0.729562211,0.770919489,0.851238567,0.863510978,0.913413133
IDRBS-167,CSVTELQEIDTQIEKSLRIVRSRKAELYADQLKKLKEKERELLNERKRLLEEVNMHHSSKGNTEGGHRTKHSSEVE,0.555591164,Alta,0.18790511,0.407894737,0.013157895,3.298684211,-0.693670507,3.380856555,0.013157895,0.25,0.315789474,0,0.862662023,8920.4,25.370384,61.39953,0.43716058,0.5539669,6.0873556,1.109651289,1.122408444,1.180255556,1.360227556,1.592885444,1.903900889,1.987819444,1.755455111
IDRBS-168,ARLHEALSQMWQLEAASRAAIENGSEEGLGDSAEVEEAPIEFPRDITMEETEPTRLNPNR,0.83166922,Alta,0.257063508,0.316666667,-0.15,3.695,1.377607155,3.409063478,0.033333333,0.316666667,0.266666667,0.066666667,0.860553631,6690,22.911718,55.582626,0.44427758,0.53725046,6.0591693,1.055860911,1.113440222,1.203734333,1.404445222,1.684966222,1.872238222,1.964944556,2.046991889
IDRBS-169,LRSRDNIYEYRDSPSTKTLASKAHTDTTSLRSPSSLAMTQKSSSQASLKS,0.237251301,Baja,0.139055539,0.24,0.08,3.518,0.485344153,3.121159889,0.04,0.22,0.46,0.04,0.796925753,5487,20.800224,45.25433,0.44426715,0.55666214,6.0289235,0.9807077,0.970045833,0.960221533,1.038042733,1.091566956,1.141967778,1.188846222,1.203841222
IDRBS-170,YRGSSFLDPKGRGGSTGYDNAVALPAGGRGDEEELVKENVKNTAASVGEI,0.251058308,Media,0.235471621,0.28,-0.04,3.836,-0.509239138,3.189473509,0.06,0.26,0.36,0.04,0.85457121,5138.3,21.712204,44.848278,0.43997133,0.55580056,5.9837174,0.997697056,1.043784,1.047259589,1.117145,1.195208444,1.305842444,1.369129889,1.306778889
IDRBS-171,TSGQAESSSGNEGAAPAKGRGRGRPPAAAKGVAKGAAKGAAASKGAKSGAESSKGGEQSSGDIEMADASS,0.267474008,Media,0.316711485,0.242857143,0.042857143,3.71,-1.168387937,3.511563031,0,0.285714286,0.428571429,0.042857143,0.72212983,6419.4,24.34682,59.439075,0.45569286,0.5678758,5.8267903,0.865390967,0.877164578,0.894095122,0.934935889,0.989114589,1.065293578,1.108627433,1.111932778
IDRBS-172,KGGSDQRDSAATVGEGGASGSEGGAKKGRGRGAGKKADAGDTSAEPPRRSSRLTSSGTGAGSAPAAAKGGAKRAASSSSTPSNAKKQATGGAGKAAATKATAAKSAASKAPQNGAGAKKKGGKAGGRKRK,0.193937474,Baja,0.255358405,0.269230769,0.161538462,3.493846154,8.823391407,4.157283063,0,0.253846154,0.438461538,0.038461538,0.706770624,12052.2,36.223976,89.98659,0.45349228,0.58332217,5.715599,0.831600256,0.9025564,0.858706844,0.876359544,0.896374244,1.015607211,1.068839,1.0755876
IDRBS-173,MSDAGRKGFGEKASEALKPDSQKSYAEQGKEYITDKADKVAGKVQPEDNKGVFQGVHDSAEKGKDNAEGQGESLADQARDYMGAAKSKLNDAVEYVSGRVHGEEDPTKK,0.33064112,Media,0.126990125,0.366972477,-0.036697248,3.290825688,-0.110470701,4.018112871,0.055045872,0.23853211,0.311926606,0.027522936,0.875902381,11691.7,30.987024,73.37678,0.42266852,0.5592863,5.9234123,0.753215811,0.767490011,0.7924235,0.84271,0.886563622,0.979291244,1.020962011,1.022284944
IDRBS-174,LVSTLGEKSGKGLKTCKSPGRKSKESSPKGRSSSASSPPKKEHHHHHHHSESPKAPVPLLPPLPPPPPEPESSEDPTSPPEPQDLSSSVCKEEKMPRGGSLESDGCPKEPAKTQPAVATAATAAEKYKHRGEGERKDIVSSSMPRPNREEPVDSRTPVTERVS,0.35559237,Media,0.152427383,0.300613497,0.018404908,3.258895706,-1.222053771,4.78170062,0.006134969,0.171779141,0.337423313,0.165644172,0.84610799,17415.4,43.97715,103.19773,0.43513697,0.5605885,6.3035073,0.657807978,0.697426311,0.686281278,0.774536156,0.816139033,0.933139611,0.939175911,0.945560689
IDRBS-175,HQQQQLQQQQHHLQQQQHQQQQQSLSQQPQQQQSQQSQAHSQQHQQQHQQQQQQQQPQQQQPQQHPPQQPQQQNSQQAIVGQSQQQVTSGQQK,0.386208936,Media,0.233,0.010752688,0.010752688,2.074193548,0,3.68334265,0,0.086021505,0.838709677,0.064516129,0.482944074,11078.4,24.382238,54.065937,0.35888216,0.41896433,8.431616,0.793309544,0.8348307,0.860860344,0.909582356,0.972876533,1.137396333,1.188148556,1.156331556
IDRBS-176,MEELSSVGEQVFAAECILSKRLRKGKLEYLVKWRGWSSKHNSWEPEENILDPRLLLAFQKKEHEKEVQNRKRGKRPRGRPRKLTAMSSCS,-0.037650721,Baja,0.347552955,0.366666667,0.1,3.475555556,0.041692379,3.773715059,0.066666667,0.244444444,0.255555556,0.044444444,0.908331974,10599.8,26.078638,61.33645,0.40619302,0.52212465,8.7102375,0.836371456,0.846241056,0.811159156,0.804244444,0.794143689,0.817521144,0.8184231,0.813216989
IDRBS-177,KVRTQKGELGMSPPGSKIPKAPSGGAVEQKVGNTGGPPHTHGASRVPAGCPGPQPAPTQELSLQVLDLQSVKNGMPGVGLLARHATATKGVPATNPAPGKGTGSGLIGASGATMPTDTSKSEKLASRAVAPPTPASKRDCVKGSATPSGQESRTAPGEARKAATLPEMSAGEESSSSDSDPDSASPPSTGQNPSVSVQTS,0.70751551,Alta,0.186730534,0.175,0.025,3.8805,-0.777384576,5.257018358,0,0.255,0.43,0.13,0.857393108,19636,48.158833,116.1287,0.42937878,0.5730909,6.091963,0.7357101,0.7561067,0.786279189,0.871682833,0.965996122,1.085792111,1.194997222,1.291542889
IDRBS-178,RGGGFGGRGGFGDRGGRGGRGGFGGGRGRGGGFRGRGRGGGGGGGGGGGGGRGGGGFHSGGNRGRGRGGKRGN,-0.064315518,Baja,0.197273463,0.232876712,0.205479452,3.257534247,7.010638966,3.053751029,0.068493151,0,0.698630137,0,0.375842267,6476.5,19.931864,51.81145,0.41405055,0.519227,5.4568367,0.912099989,0.892485767,0.889741422,0.876722778,0.8650684,0.861602856,0.8515573,0.835389067
IDRBS-179,EEDAESEDEEEEDVKLLSISGKRSAPGGGSKVPQKKVKLAADEDDDDDDEEDDDEDDDDDDFDDEEAEEKAPVKKSIRDTPAKNAQKSNQNGKDSKPSSTPRSKGQESFKKQEKTPKTPKG,0.327451649,Media,0.557642698,0.520661157,-0.157024793,2.6,-1.765283469,3.86444552,0.016528926,0.140495868,0.256198347,0.066115702,0.804710319,13325.5,34.834087,84.48889,0.34639087,0.6007666,6.701444,0.783761233,0.853221944,0.838357489,0.898502222,0.9577799,1.072357311,1.136207333,1.1324303
IDRBS-180,MDPGQQPPPQPAPQGQGQPPSQPPQGQGPPSGPGQPAPAATQAAPQAPPAGHQIVHVRGDSETDLEALFNAVMNPKTANVPQTVPMRLRKLPDSFFKPPEPKSHSRQASTDAGTAGALTPQHVRAHSSPASLQLGAVSPGTLTPTGVVSGPAATPTAQHLRQSSFEIPDDVPLPAGWEMAKTSSGQRYFLNHIDQTTTWQ,0.795408261,Alta,0.253496446,0.125,-0.005,3.8105,-0.367619035,5.446277429,0.04,0.255,0.41,0.17,0.883866401,20835.7,45.556698,107.471405,0.40944627,0.5414106,6.8138247,0.665786556,0.641104267,0.676164133,0.763221156,0.933503722,1.040226878,1.094599556,1.154324178
IDRBS-181,DPRKAMLSQMNVTAPTSPPVQQNMMNSASAMNQRISQSAPVKQPPPLAPQSPQGGVMGGSNSNQQQQMRLQQLQMEKERLRLKQQELLRQVRPQELALRSQLPTLEQDGGTQNPVSSPGMSQE,0.99110842,Alta,0.17017743,0.162601626,0.032520325,3.540650407,-0.133890212,4.427877103,0,0.284552846,0.43902439,0.113821138,0.837016885,13561,34.95145,84.36414,0.4205624,0.5471691,6.392035,0.7927394,0.791892822,0.862679967,0.957384856,1.104719,1.347965778,1.517305778,1.577580111
IDRBS-182,ISSTTLAAPSTTQSIAVPASNSTPVQEQPTAQSDTYGQAASTLVSGSSIEQMVQQIMEMGGGSWDKETVTRALRAAYNNPE,0.467460073,Media,0.194374412,0.12345679,-0.049382716,4.10617284,0.261853898,4.051317072,0.037037037,0.308641975,0.469135802,0.061728395,0.872285906,8431.5,26.449911,65.20673,0.4217558,0.5544543,6.0471034,1.014364122,0.999693644,1.055823956,1.155113889,1.227358444,1.383923667,1.401957667,1.467251
IDRBS-183,LNEPVQEAGGQGGGGGGGSGGIAEAGSGHMNYIQVTPQEKEAIERLKALG,0.447856223,Media,0.148634389,0.18,-0.06,3.986,0.134444579,3.33180217,0.02,0.28,0.48,0.04,0.806402357,4876.6,19.554966,46.19774,0.4324388,0.55115366,5.879622,0.961951333,0.999575856,1.038351378,1.100934778,1.167127889,1.338287444,1.465089222,1.447176889
IDRBS-184,MQSMKETASNIAASAKSGMDKTKATLGEKAEKMTTRDPLQKEMATQKKEERINEAEMQKREAREHNAAMKEASGAGTGTGLGLGSATHSTTGQVGHGTGTHQMSALPGHGTGQPTGHVVDGTAATEPIGTNTGTGRTTAHNTRVGGGTTGYGTGGGYTG,0.892047221,Alta,0.068169281,0.201257862,0.012578616,3.64591195,-0.088222596,4.607211098,0.012578616,0.238993711,0.522012579,0.025157233,0.849567292,16111.8,39.30534,93.45705,0.4254946,0.56986463,5.781591,0.8917736,0.898839211,0.959625033,1.0209202,1.157164111,1.374747778,1.566691444,1.699428778
IDRBS-185,MQSMKETASNIAASARAGMEKTKATVEEKAEKMKTRDPVQKEMATQKKEDRINQAELEKREAREHNAAAKEAAGAGLGTPGYTAKGSGGLGSATHSTTGRIGHGTGAHQMSALPGHGAGQPTGDVVEGTETAAPIGTNTGTGRTTAHNTRAGGGTTGFTTGGGYSG,0.89126066,Alta,0.084820457,0.222891566,0.018072289,3.679518072,-0.060059141,4.636858088,0.018072289,0.259036145,0.469879518,0.030120482,0.853609396,16722.5,40.22048,96.86574,0.4252371,0.56930625,5.8457623,0.880830267,0.886832811,0.929681622,0.996040911,1.159986333,1.363539889,1.551221333,1.677778111
IDRBS-186,MEAMKETAANVGASAISGKEKTKAVVQEKMERMTAHDPMEKEMATKKKEERINQAELNKQEAKEQNAAARQGASTTGTDKPHSYSTTGRTGNPTGAHQMSALPGHGTGAPTGQVTEGVVESRPIGTATGTKRTTVAHNTHAEREVNKGYGTGGAYN,0.711409025,Alta,0.083103955,0.25,0.019230769,3.5,-0.013332828,4.526590328,0.019230769,0.262820513,0.429487179,0.038461538,0.87293146,16436.5,39.156,94.85701,0.42260224,0.5635411,6.0169444,0.840748744,0.826296011,0.876142233,0.963323989,1.065489444,1.259904333,1.359818778,1.413267778
IDRBS-187,MQAMKETASNFAASAKSGMEKTKAVAQEKMERMTADNPTEKEMATEKKKERINEAEMNKQEARDKNAAARQGYSTTGTEKTHSYSTTGATGHPTGAHQMSALPGHGSGEPAGQVVEGVVQSHPIGTATGTQRSSAAHNTHGGGGVNTGYGTGGSYS,0.566275133,Alta,0.073749702,0.211538462,0.006410256,3.527564103,-0.150378994,4.557920484,0.032051282,0.243589744,0.480769231,0.032051282,0.87341498,16173.4,37.95296,91.64571,0.4161141,0.56090134,5.9906874,0.801362667,0.804751667,0.836770767,0.953698278,1.113553789,1.218210556,1.255041667,1.260571222
IDRBS-188,MQGAKKAGEAMKETAANVGASAKSGMEKTKATVQEKTDRMRARDPLQKEMATQKKDERMNQAELDKQAAREHNAAAKQSATAGHMGQGHYTTGTGTGTATYSTTGEYGQPMGVHQTSAVPGHGTGQPTGHVTEGVVGSQPIGTNRDPGGTATAHNTRVGGNPNEYGYGTGGTYS,0.484175998,Media,0.081976162,0.201149425,0.017241379,3.492528736,-0.265745727,4.703759867,0.034482759,0.235632184,0.488505747,0.040229885,0.868133648,17980.9,39.804405,96.39128,0.40807864,0.5565086,6.051799,0.750794689,0.759728522,0.809287533,0.838692889,0.910054344,1.034930311,1.079489856,1.129591144
IDRBS-189,MQSMKETASNIAASAKSGMDKTKATLEEKAEKMKTRDPVQKQMATQVKEDKINQAEMQKRETREYNAAMKEAAGAGTGLGLGTATHSTTGQVGHGTGTHQMSALPGHGTGQLTDRVVEGTAVTDPIGRNTGTGLTTTAHNTHVGPGPYGTGGGYSG,0.807652279,Alta,0.054940628,0.205128205,0.012820513,3.715384615,-0.16112297,4.659420795,0.019230769,0.262820513,0.480769231,0.032051282,0.877930021,16097.8,38.672325,93.72911,0.4205863,0.5680216,5.836223,0.774385156,0.767159211,0.827541922,0.885154011,1.025741678,1.171051367,1.345245556,1.392006889
IDRBS-190,MQSMKETASNIAASAKSGMDRTKATLEEKAEKMTTRDPVQKQMATQNKEGKINQAEMQKREAREHNAVMKEASGAGTGTGLGLGSATHSTTGHVGHGTGTHQMSALPGHGTGQPTGHVVEGTAVTKPIGTNTGTGRTTAHNTHVGGGTTGYGTGGGYTG,0.654070032,Alta,0.063499428,0.176100629,0.025157233,3.688679245,0.229609581,4.651894079,0.012578616,0.238993711,0.547169811,0.025157233,0.852980639,16141.9,39.289177,93.44561,0.42433614,0.56947577,5.790289,0.843835344,0.865530011,0.908381778,0.993094578,1.140340778,1.408606667,1.491765556,1.433315889
IDRBS-191,MQSMNETASNIAASAKSGMDKTKATLEEKAEKMTTRDPIQKEMATQKKEGRINQAEMQKREAREHNAAMKEASGAGTGTGLGLGTATHSTTGHVGHGTGTHQMSALPGHGTGEPTGHVVDGTAVTEPIGTNTGTGRTTAHNTRVGGGTTGYGTGGGYTG,0.685508333,Alta,0.077662062,0.194968553,0.006289308,3.670440252,-0.227514556,4.6165242,0.012578616,0.238993711,0.528301887,0.025157233,0.851282599,16149.7,39.1178,93.13748,0.42367885,0.56872106,5.7981095,0.810626456,0.827795856,0.86747,0.952092689,1.058708622,1.292639111,1.406113222,1.394575111
IDRBS-192,MQSMKETASNIAASAKSGMDKTKATLEEKAEKMTTRDPLQKEMATQKKEGRINEAEMQKREAREHNAVMKEASGAGTGTGLGMGTATHSTTGHVGHGTGTHQMSALPGHGTGQPAGHVVDGTAVTEPIGTNTGTGRTTAHNTRVGGGTTGYGTGGGYTG,0.752538145,Alta,0.071675895,0.201257862,0.012578616,3.682389937,-0.07610631,4.623370047,0.012578616,0.245283019,0.51572327,0.025157233,0.851435826,16179.8,39.29654,93.63585,0.4246345,0.5706984,5.7838526,0.838058889,0.839346644,0.890904889,0.978812522,1.147807,1.2834,1.417912778,1.472068556
IDRBS-193,MQSAKEAVSNIAASAKSGMDKTKATLEEKAEKMKTRDPVQKEMATQRKEGKINQAEMQKRETQEYNAAMKQAAGGGTGTGVGLGTATHSTTGQVGHGTGTHQMSALPGHGTGHPTGHVVEGTAVTEPIGTNTGTGRTTAHNTRVGGGGTTGYGTRGGYTG,0.979530375,Alta,0.086392924,0.19375,0.03125,3.660625,0.343665413,4.645218487,0.01875,0.2375,0.525,0.025,0.848338821,16268,38.90719,93.039505,0.4225878,0.5672517,5.819741,0.897811211,0.9255573,0.968907933,1.067414889,1.258448222,1.544205,1.728707889,1.832145222
IDRBS-194,MQSIKETAANIAASARSGLEKTKATLEEKVERATAHDPVQKDMATQKKEERIRQAELEKQEARENNAAARQGGGDGGFTAKGSGGHMASGTHTYSTTGQMGQPTGAQQMSALPGHGTGQPTAQVDDGRVQAYPVGVNTGVGGSKSHNTRVEGNPHAYGTGGTYS,0.363120974,Media,0.073162381,0.213414634,0.006097561,3.570121951,-0.130435065,4.593943458,0.030487805,0.25,0.469512195,0.036585366,0.892709726,16978.8,38.118324,92.88861,0.41031563,0.55748874,6.0455837,0.7309755,0.714192133,0.736029322,0.801320233,0.892009378,0.970802633,1.026219389,0.972269656
IDRBS-195,MQLITAKAHQAKAIRVKLKLIKLLKKEKEREKMQGAKNTGQSIKEKAANVGASAQAGLEKTKATVQEKAEKMSTRDPVQKQMATQKKEHKTNQAEMEKQAAYNQNAAHKEAARAEDIAPGYYGTATHSTTGQHGHPTGGHQMSALPGHGTGQPTGQVTEGVIGSHPIGTNTGTTQTSTTTTARNTRAGVNPNDPRYGHGTGGSY,0.251274396,Media,0.111011412,0.220588235,0.06372549,3.501470588,2.030583301,4.94972083,0.024509804,0.259803922,0.455882353,0.039215686,0.885567278,21672.5,45.308052,109.7825,0.4026956,0.55546504,6.0670695,0.701857644,0.683086778,0.700114011,0.700044644,0.775844178,0.823445744,0.844351444,0.856517367
IDRBS-196,MQAIKEKAANVAASAKSGMEKTKATMQEKVDRAAANNPTEKEMATERKEQKVNQAEFDKRAAQEHNAAARNATKNTGQPHTYSTTGAPGHPTGTHQQSALPGHGTGQPTGQVTEGVVESHHIGTATGTGRTNAAHNTHVGAATNIGGSYT,0.430620745,Media,0.086141005,0.193333333,0.02,3.528666667,-0.052355619,4.500517633,0.02,0.266666667,0.48,0.04,0.866706981,15580.6,37.601658,90.35378,0.42075533,0.56102675,6.0022235,0.760510111,0.779695967,0.793280756,0.843390622,0.915571611,1.001935756,1.075547111,1.115562444
IDRBS-197,MQAGKNVAESMKESAANVAASAKSGMEKTKATVQEKVEKMKAHDPTEKEMAAEKKEQRKAEAELNKREAREHNAAVREASKTGVNAGGHTGYSTTGVETATYSTTGIEGQPTGAHQMSALPGYGTGQPAGQVTEGTVGSHPIGTGTGTGRTTAHNTRVEGTGTPGYGTGGSYS,0.540741554,Media,0.06704108,0.225433526,0.005780347,3.612716763,-0.224867947,4.732705483,0.028901734,0.248554913,0.462427746,0.034682081,0.852559941,17726.1,40.438362,98.857315,0.4191773,0.5641135,5.9074383,0.789603844,0.803603111,0.829568556,0.911276156,1.015114978,1.117254,1.176534667,1.237381778
IDRBS-198,MQAIKEKAANVAASAKSGMEKTKATMQEKVDRATANNPTEKEMATERKEQRVNQAEFDKRAAQEHNAAARNATKNTGQPHTYPTTGAPGHPTGTHQQSALPGHGTGQVTEGVVESHPIGTAAGTGRTSAAHNTHVGAATNIGGSYTQD,0.424308704,Media,0.090415046,0.202702703,0.013513514,3.52972973,-0.279980829,4.484127684,0.02027027,0.27027027,0.459459459,0.047297297,0.873932464,15411.3,37.31479,90.201385,0.41968933,0.55931675,6.113445,0.777569044,0.782130389,0.802469156,0.850691344,0.919169844,1.018830211,1.094998889,1.114114222
IDRBS-199,MQTAKNAAASVKETAANVAASAKSGMEKTKATLQEKGERMTAHDPTQKEMATEKKEARKDQAEYEKQVERDQNAVQRQAVEATGTHSYSTTGATGHPMGSHQMSALPGHGTGQPAGDVVEGVVGSHPIGRNTGTGQSVAGNNPRTGGGAGGYGTGGAYR,0.766137464,Alta,0.085988451,0.213836478,0.012578616,3.583647799,-0.141890504,4.572308637,0.025157233,0.264150943,0.459119497,0.037735849,0.871108792,16308.7,38.111755,93.68748,0.41732135,0.55721307,6.0877633,0.883171444,0.865872978,0.927966267,1.026717733,1.145372444,1.308576111,1.435253667,1.529628111
IDRBS-200,MQAIKEKAANVAASAKSGMEKTKATMQEKVDRATANNPTEKEMATERKEQRVNQAEFDKRAAQEHNAAARNATKNTGQPHTYSTTGAPGHPTGTHQQSALPGQPTGQVTEGVVESHPIGTAAGTGRTNAAHNTHVGAATNIGGSYT,0.521940523,Media,0.086110048,0.198630137,0.020547945,3.54109589,-0.046452145,4.464792965,0.020547945,0.273972603,0.45890411,0.047945205,0.870736388,15216,37.24678,89.36603,0.41896778,0.56026596,6.0502744,0.802558911,0.797448589,0.831582733,0.892679211,1.003936456,1.140261333,1.194780111,1.213134778
