kappa,FCR,rg,Prediction
0.029812493,0.89,33.6147356,Alta
0.028742927,0.63,31.83911324,Alta
0.031178854,0.62,31.03411674,Alta
0.031219104,0.47,29.35756922,Alta
0.033675151,0.81,31.79462433,Alta
0.030813305,0.61,30.59789658,Alta
0.033670872,0.83,32.71393061,Alta
0.027511405,0.92,32.18751192,Alta
0.037487542,0.81,33.17169905,Alta
0.027569696,0.71,31.31742477,Alta
0.032419706,1,31.17128849,Alta
0.039507004,0.92,31.14635229,Alta
0.030761302,0.93,32.79232502,Alta
0.036500612,0.57,29.48600769,Alta
0.033388206,0.79,32.91211128,Alta
0.054733561,0.56,33.51293087,Alta
0.045412563,0.9,32.19562531,Alta
0.055063024,0.61,28.98029089,Alta
0.041822392,0.97,30.54521084,Alta
0.041354347,0.75,33.61985207,Alta
0.043897878,0.86,30.40460587,Alta
0.052848347,0.32,29.1037941,Alta
0.046838562,0.79,29.92442846,Alta
0.046322286,0.7,31.34290695,Alta
0.053522317,0.36,27.92282104,Alta
0.034511131,0.59,29.62320805,Alta
0.046448184,0.91,32.98819304,Alta
0.047592286,0.86,29.9805069,Alta
0.041689025,0.96,30.59308529,Alta
0.054072563,0.66,29.03553963,Alta
0.054391494,0.89,32.84445763,Alta
0.063084554,0.24,29.48952198,Alta
0.057886166,0.88,32.83976555,Alta
0.062375037,0.95,33.50433111,Alta
0.071020342,0.37,32.36335278,Alta
0.049779747,0.99,30.10941982,Alta
0.054607695,0.72,33.27290535,Alta
0.057675552,0.95,33.37968111,Alta
0.06719951,0.43,32.88365841,Alta
0.055403752,0.7,30.4142046,Alta
0.065567495,0.93,32.80852318,Alta
0.066923479,0.54,28.51352215,Alta
0.059032001,0.36,28.11974525,Alta
0.06773833,0.84,32.47416019,Alta
0.072413923,0.86,33.73458385,Alta
0.066644937,0.68,32.68667221,Alta
0.058667906,0.87,29.48465824,Alta
0.072073059,0.64,29.70056534,Alta
0.077625521,0.3,29.50997829,Alta
0.051855896,0.82,30.38656235,Alta
0.064178418,0.4,29.48040009,Alta
0.077673096,0.83,32.72968769,Alta
0.070936894,0.92,30.82242489,Alta
0.054282004,0.89,29.16500092,Alta
0.083190765,0.66,30.72901011,Alta
0.082270823,0.36,26.89467907,Alta
0.085718192,0.33,31.20040894,Alta
0.085676756,0.57,32.2111845,Alta
0.085275538,0.81,29.6847868,Alta
0.085873656,0.55,32.39941597,Alta
0.069106432,0.85,31.35724306,Alta
0.085602708,0.52,31.10947609,Alta
0.078755651,0.53,29.08381939,Alta
0.092454627,0.28,30.8035183,Alta
0.093165398,0.58,32.41142988,Alta
0.073079713,0.58,27.86304474,Alta
0.066436633,0.62,31.57120705,Alta
0.093613904,0.35,28.67927551,Alta
0.081065472,0.59,30.52340508,Alta
0.089549635,0.56,30.08322716,Alta
0.081987668,0.59,30.62073231,Alta
0.061618462,0.99,30.74592113,Alta
0.097330369,0.56,32.14242458,Alta
0.096665222,0.79,31.14401817,Alta
0.076206274,0.76,30.38176537,Alta
0.096647106,0.59,32.21905231,Alta
0.089739949,0.41,29.47542191,Alta
0.088896941,0.66,33.8721633,Alta
0.101026863,0.37,29.03623104,Alta
0.069852589,0.99,30.7723546,Alta
0.099915616,0.82,30.39557934,Alta
0.098340891,0.41,28.26287746,Alta
0.083446003,0.86,30.19805908,Alta
0.085463908,0.39,30.57902336,Alta
0.108714167,0.92,33.14857006,Alta
0.111749016,0.52,31.12619877,Alta
0.112133492,0.43,31.56886339,Alta
0.084943276,0.81,29.75860596,Alta
0.090608925,0.68,32.09019661,Alta
0.101700701,0.93,29.03460026,Alta
0.09538357,0.31,28.22016716,Alta
0.117492314,0.34,28.5684967,Alta
0.116466016,0.36,31.18163586,Alta
0.106802925,0.86,28.48345757,Alta
0.096667293,0.98,31.45857334,Alta
0.093051963,0.59,30.33550262,Alta
0.116077606,0.21,28.23738575,Alta
0.087580614,0.95,29.99528885,Alta
0.124857869,0.43,29.7441721,Alta
0.103297297,0.89,29.6843195,Alta
0.129832264,0.35,28.71072769,Alta
0.116064914,0.31,28.74137163,Alta
0.136537623,0.77,33.49987984,Alta
0.121494401,0.3,30.03033161,Alta
0.119673908,0.41,29.73731995,Alta
0.108952649,0.72,30.79911709,Alta
0.13519286,0.53,29.57653522,Alta
0.132182464,0.42,30.30364513,Alta
0.123278026,0.52,32.07128763,Alta
0.124383014,0.3,30.67109108,Alta
0.113094445,0.4,31.20407104,Alta
0.105126947,0.41,29.48457718,Alta
0.133349899,0.51,28.65886211,Alta
0.145976022,0.9,28.87828827,Alta
0.142070383,0.82,30.11191845,Alta
0.115795758,0.55,32.36741543,Alta
0.111234404,0.67,28.97657156,Alta
0.14423652,0.3,28.87870789,Alta
0.114986409,0.6,29.11523819,Alta
0.117297515,0.43,30.09550571,Alta
0.114315175,0.25,28.08913469,Alta
0.148036085,0.37,28.87536526,Alta
0.112116501,0.22,28.92298937,Alta
0.106313571,0.78,29.88174438,Alta
0.147177339,0.25,29.51905012,Alta
0.121166203,0.83,27.50864029,Alta
0.14124639,0.51,29.56209183,Alta
0.166821636,0.65,32.35759258,Alta
0.120302003,0.7,28.27955484,Alta
0.164594755,0.22,27.23967075,Alta
0.126041863,0.57,28.6123085,Alta
0.132174522,0.38,28.16317081,Alta
0.137045875,0.7,29.85476255,Alta
0.134719048,0.65,32.98583508,Alta
0.158858068,0.93,27.22680807,Alta
0.142202631,0.83,31.5274477,Alta
0.133609463,0.55,30.13711452,Alta
0.159301072,0.27,28.13576698,Alta
0.164295271,0.84,27.29403019,Alta
0.139333155,0.83,31.77389145,Alta
0.173644513,0.5,29.59285975,Alta
0.169760518,0.87,31.54292583,Alta
0.179930612,0.6,28.32887411,Alta
0.168278366,0.48,31.69465542,Alta
0.146272562,0.37,29.06612396,Alta
0.148024492,0.56,28.84992361,Alta
0.136175066,0.77,28.35492134,Alta
0.145749152,0.27,29.65705156,Alta
0.173767053,0.38,31.06425524,Alta
0.160560228,0.34,31.10714912,Alta
0.18526341,0.78,33.11702251,Alta
0.177752137,0.75,28.11417341,Alta
0.161514848,0.82,27.07463264,Alta
0.180304088,0.62,33.73678446,Alta
0.17733527,0.52,32.43608475,Alta
0.184686638,0.89,31.81853294,Alta
0.172067896,0.57,32.07834959,Alta
0.196584456,0.61,31.66890383,Alta
0.173202515,0.37,32.27122307,Alta
0.178087488,0.91,27.90784121,Alta
0.157651186,0.84,33.21243286,Alta
0.179037169,0.84,31.63014889,Alta
0.167989723,0.94,32.18397141,Alta
0.157056719,0.7,30.40595531,Alta
0.183652073,0.8,27.46341228,Alta
0.172987252,0.67,28.64086151,Alta
0.185370795,0.78,30.72535515,Alta
0.159189321,0.82,28.43598366,Alta
0.177249253,0.27,30.61525345,Alta
0.185647234,0.22,27.26622581,Alta
0.161996424,0.24,28.05222034,Alta
0.194024041,0.56,33.24349642,Alta
0.188851364,0.34,31.20315552,Alta
0.194905244,0.64,26.78259373,Alta
0.166137099,0.45,30.03911972,Alta
0.187718235,0.5,32.32388973,Alta
0.193844855,0.79,30.14495134,Alta
0.190309711,0.73,30.66421032,Alta
0.167576075,0.67,29.81323242,Alta
0.199367411,0.75,29.00128603,Alta
0.164046332,0.76,28.33916187,Alta
0.190456599,0.22,27.90095806,Alta
0.187184021,0.6,30.15439034,Alta
0.21225325,0.69,28.19626093,Alta
0.214281872,0.46,30.08359909,Alta
0.186329551,0.52,28.99199963,Alta
0.179978259,0.85,28.25325489,Alta
0.203009546,1,26.76790714,Baja
0.187927432,0.57,31.17938757,Alta
0.194206394,0.92,26.14967346,Baja
0.197829261,0.64,25.80514669,Alta
0.198812887,0.31,30.23521423,Alta
0.190602973,0.68,31.05310678,Alta
0.18868272,0.87,29.39784765,Alta
0.21285256,0.42,31.46450758,Alta
0.216020755,0.62,27.03613043,Alta
0.234179504,0.49,28.77855062,Alta
0.198576942,0.57,32.32036829,Alta
0.20594126,0.67,28.12514067,Alta
0.210803561,0.3,27.34409809,Alta
0.227940321,0.39,30.79837084,Alta
0.218540378,0.82,30.723176,Alta
0.203397647,0.9,27.9029274,Alta
0.190292902,0.52,28.62659931,Alta
0.2085182,0.45,29.18067932,Alta
0.220771886,0.92,26.01887703,Baja
0.209353976,0.78,30.39215088,Alta
0.198647842,0.5,30.36956787,Alta
0.209623918,0.49,27.50419617,Alta
0.225029163,0.44,30.42098522,Alta
0.21395839,0.64,31.90842628,Alta
0.21599628,0.5,28.66569281,Alta
0.215015322,0.59,29.14428234,Alta
0.203162976,0.99,30.88750839,Baja
0.240594439,0.55,29.35924292,Alta
0.231345572,0.73,29.84375477,Alta
0.2191502,0.29,29.42991495,Alta
0.209720962,1,32.94676781,Baja
0.213720277,0.7,32.03224182,Alta
0.212028146,0.62,27.82405376,Alta
0.2308456,0.46,27.69735336,Alta
0.218725808,0.74,30.76715469,Alta
0.212105647,0.21,29.33346272,Alta
0.22330945,0.43,31.98358536,Alta
0.240634158,0.96,23.82588387,Baja
0.23887293,0.86,26.72627926,Alta
0.219077714,0.94,22.35939503,Baja
0.225947335,0.43,28.12833071,Alta
0.219051793,0.97,23.23079348,Baja
0.225271568,0.67,30.12554646,Alta
0.236508563,0.73,28.82389545,Alta
0.224852994,0.35,30.58530092,Alta
0.246885702,0.45,26.90356493,Alta
0.227973372,0.42,29.87061501,Alta
0.239362329,0.69,25.88835001,Alta
0.251512818,0.37,30.11250019,Alta
0.227866068,0.89,29.13585424,Alta
0.240462467,0.2,28.8180685,Alta
0.232927762,0.84,26.67948723,Alta
0.27693373,0.26,28.05276394,Alta
0.234549113,0.73,28.19654226,Alta
0.249968968,0.54,32.13947773,Alta
0.251682311,0.99,25.3826189,Baja
0.254259139,0.25,27.45059967,Alta
0.261435434,0.65,30.83879471,Alta
0.258010633,0.47,31.61966801,Alta
0.26423984,0.46,26.40835285,Alta
0.250279024,0.3,29.27235603,Alta
0.248632438,0.37,27.74880409,Alta
0.269231424,0.42,31.93960667,Alta
0.251834549,0.4,32.61473179,Alta
0.258139245,0.89,29.35396671,Alta
0.247232959,0.94,25.81827164,Baja
0.277190596,0.91,27.69006729,Baja
0.259487212,0.98,29.91688251,Baja
0.246072963,0.34,27.54436493,Alta
0.272802129,0.49,29.98625278,Alta
0.251225494,0.33,31.70444965,Alta
0.273515746,0.41,27.8401041,Alta
0.254551545,0.32,27.99948692,Alta
0.250814803,0.62,31.67367458,Alta
0.286257654,0.76,23.90466928,Alta
0.257012293,0.73,29.28589821,Alta
0.260702625,0.53,30.55022717,Alta
0.272179507,0.86,25.62228441,Alta
0.255581409,0.53,29.60597515,Alta
0.289080098,0.7,22.86827326,Alta
0.265137345,0.28,26.54080391,Alta
0.274809986,0.84,27.78225422,Alta
0.274168596,0.83,27.06353664,Alta
0.271627203,0.33,28.60206604,Alta
0.284620151,0.43,25.62701941,Alta
0.284156427,0.34,24.2129755,Alta
0.268055663,0.57,32.00796843,Alta
0.27811034,0.87,22.15235233,Baja
0.295718342,0.9,27.17632294,Baja
0.274172217,0.62,23.64339828,Alta
0.302330658,0.82,26.01283073,Alta
0.26873973,0.64,27.37197399,Alta
0.282011062,0.69,24.63514328,Alta
0.275148258,0.84,29.71803188,Alta
0.299884558,0.69,28.72149706,Alta
0.281253725,0.48,30.21339417,Alta
0.289843693,0.81,23.78257751,Alta
0.296055198,0.65,26.02381706,Alta
0.277469397,0.68,25.43183565,Alta
0.288167387,0.43,26.51115894,Alta
0.290021375,0.7,28.9081049,Alta
0.28080833,0.64,26.91482544,Alta
0.300919116,0.49,27.31786728,Alta
0.296618938,0.83,22.04502583,Alta
0.297864005,0.5,30.23489475,Alta
0.300104037,0.73,27.83971786,Alta
0.305777594,0.42,32.23870277,Alta
0.313237026,0.48,29.39247608,Alta
0.308633953,0.76,21.85715914,Alta
0.296654627,0.41,33.21497202,Alta
0.303588837,0.34,27.81524658,Alta
0.307380289,0.97,21.66335344,Baja
0.312599808,0.69,27.1766305,Alta
0.306803569,0.94,20.37087679,Baja
0.300831199,0.25,29.34610367,Alta
0.322977543,0.94,23.31763029,Baja
0.30100064,0.77,25.34334183,Alta
0.296392843,0.43,29.38206196,Alta
0.329798743,0.91,21.77033901,Baja
0.313490704,0.39,29.22738075,Alta
0.306992754,0.94,25.90315819,Baja
0.319746062,0.29,27.87862778,Alta
0.306383818,0.4,28.03253651,Alta
0.302564308,0.31,28.57457161,Alta
0.340087026,0.58,26.03722811,Alta
0.30617553,0.55,28.48444462,Alta
0.324614286,0.82,26.93111181,Alta
0.312459469,0.51,27.47832537,Alta
0.32598573,0.26,27.02238083,Alta
0.311750755,0.84,21.33295059,Baja
0.316634253,0.69,31.33311987,Alta
0.337095678,0.81,23.15233231,Baja
0.347868383,0.92,20.95116377,Baja
0.348792851,0.68,24.7286272,Alta
0.340774164,0.76,25.37754536,Alta
0.337315574,0.76,23.29698086,Alta
0.328129262,0.67,25.53215981,Alta
0.321146086,0.98,21.15651608,Baja
0.336928457,0.22,28.53630543,Alta
0.343135044,0.52,25.26821613,Alta
0.349372417,0.65,24.52782154,Alta
0.339921787,0.93,22.3038578,Baja
0.357188225,0.9,22.03347683,Baja
0.325066239,0.31,33.18709373,Alta
0.35620755,0.41,25.00738621,Alta
0.34596318,0.78,22.57654667,Alta
0.323401675,0.89,25.08020639,Baja
0.345941395,0.49,26.76362276,Alta
0.326365456,0.35,26.04470253,Alta
0.330020189,0.91,25.43096781,Baja
0.351295963,0.33,26.40075684,Alta
0.350483507,0.23,26.9086647,Alta
0.339398801,0.83,23.10380936,Baja
0.367841348,0.91,26.26770973,Baja
0.33995527,0.64,29.94818687,Alta
0.345709473,0.47,27.60540009,Alta
0.335915983,0.87,21.46971941,Baja
0.350626677,0.5,26.35705471,Alta
0.354682714,0.67,21.78665161,Baja
0.357664302,0.5,23.16659212,Alta
0.339055315,0.53,23.84770393,Alta
0.344439715,0.54,28.52766991,Alta
0.342707574,0.27,28.25191259,Alta
0.363324821,0.76,22.19722033,Baja
0.34127894,0.92,29.14365292,Baja
0.364287198,0.67,21.79537058,Baja
0.349300161,0.79,25.09045839,Alta
0.355565146,0.88,23.5229826,Baja
0.352121606,0.63,27.3627615,Alta
0.38176994,0.62,20.98418713,Baja
0.37363708,0.55,29.97739553,Alta
0.350674897,0.48,32.48671055,Alta
0.357000455,0.67,22.80092716,Alta
0.368620068,0.84,21.21772289,Baja
0.352318347,0.51,25.31919241,Alta
0.371285841,0.94,21.24578953,Baja
0.358721972,0.42,29.07670021,Alta
0.384570837,0.99,23.50558281,Baja
0.37672323,0.41,25.50542355,Alta
0.367864475,0.71,21.35029078,Baja
0.357343823,0.26,28.20832014,Alta
0.362167731,0.38,32.19388247,Alta
0.372308925,0.55,22.82488823,Baja
0.385533944,0.67,23.90450478,Alta
0.388243347,0.58,22.68024683,Baja
0.389106616,0.66,32.18332291,Alta
0.390991583,0.36,25.28409004,Alta
0.389973,0.55,21.25475407,Baja
0.396460965,0.67,22.00957775,Baja
0.366941109,0.36,26.22285843,Alta
0.402144387,0.88,22.67210245,Baja
0.375850961,0.23,28.46482992,Alta
0.370795876,0.57,22.27804899,Baja
0.376321405,0.57,23.7944293,Alta
0.404560581,0.35,26.33403778,Alta
0.410403237,0.68,20.54542542,Baja
0.412260801,0.39,27.46799469,Alta
0.390764609,0.39,24.1022706,Alta
0.410302013,0.94,22.58988619,Baja
0.393127233,0.32,27.14931488,Alta
0.396457732,0.67,27.99134016,Alta
0.3895199,0.99,19.92728949,Baja
0.380594388,0.69,29.04971838,Alta
0.417900622,0.33,26.63003206,Alta
0.405122072,0.28,27.5633502,Alta
0.409729376,0.94,23.22963953,Baja
0.398694754,0.23,26.56973839,Alta
0.39299278,0.42,22.76591301,Baja
0.387015089,0.89,20.77503443,Baja
0.420021057,0.94,22.58671761,Baja
0.41545102,0.69,23.04719925,Baja
0.393837243,0.38,29.08421993,Alta
0.391184568,0.29,25.89554548,Alta
0.391531184,0.94,22.74224758,Baja
0.40643087,0.43,23.63780022,Alta
0.425954089,0.53,28.43888283,Alta
0.393126026,0.72,21.2858057,Baja
0.426482022,0.77,21.60969019,Baja
0.41220355,0.73,25.10967731,Baja
0.406478286,0.83,20.93888998,Baja
0.408823013,0.94,21.37612104,Baja
0.435924426,0.49,24.13287163,Alta
0.41741845,0.37,24.747715,Alta
0.420872867,0.92,24.95990753,Baja
0.402388677,0.68,23.46309423,Baja
0.410435498,0.29,28.23686123,Alta
0.431770548,0.38,21.14060402,Baja
0.41811192,0.34,26.74238682,Alta
0.41030331,0.7,21.08761311,Baja
0.425255865,0.36,28.8749218,Alta
0.411996901,0.91,19.53645945,Baja
0.418288708,0.37,25.13153553,Alta
0.409599006,0.34,29.28814888,Alta
0.425600931,0.23,27.79759645,Alta
0.422582611,0.38,25.53490877,Alta
0.447525457,0.29,25.01652241,Alta
0.443771794,0.82,21.09695673,Baja
0.4262629,0.56,22.26703882,Baja
0.445985585,0.56,23.1087923,Baja
0.44678174,0.88,20.96230745,Baja
0.428643748,0.8,23.04707766,Baja
0.443777263,0.66,21.63994789,Baja
0.438955069,0.31,28.02843571,Alta
0.428313583,0.39,29.71674442,Alta
0.4425143,0.88,21.59888983,Baja
0.427295372,0.65,21.97123051,Baja
0.445700765,0.79,21.43474817,Baja
0.435195237,0.93,21.54013634,Baja
0.445776567,0.44,28.31330538,Alta
0.457232744,0.69,20.40900469,Baja
0.428101838,0.46,30.27876377,Alta
0.436701402,0.45,25.39028168,Alta
0.439425886,0.74,27.27018833,Baja
0.437685296,0.69,26.46015167,Baja
0.454373226,0.54,24.95999098,Alta
0.454606175,0.24,25.28087139,Alta
0.451947242,0.53,24.03068066,Baja
0.45996885,0.79,21.80855274,Baja
0.442461297,0.91,22.45204926,Baja
0.449791685,0.36,23.29115391,Alta
0.469308689,0.96,21.86741352,Baja
0.475214511,0.24,26.28663063,Alta
0.444074497,0.34,25.92169762,Alta
0.449439719,0.77,20.16997576,Baja
0.444083005,0.43,22.42879391,Baja
0.443097502,0.94,20.76771975,Baja
0.45652999,0.68,20.11312723,Baja
0.459648088,0.24,28.58071566,Alta
0.452976808,0.7,26.26280785,Baja
0.461818337,0.48,28.23117495,Alta
0.458695889,0.63,22.56645679,Baja
0.468975529,0.98,20.4151082,Baja
0.486944497,0.45,22.5257206,Baja
0.454620704,0.83,20.93231916,Baja
0.456048518,0.83,22.75013924,Baja
0.473480791,0.56,21.4743185,Baja
0.460682809,0.24,26.79977417,Alta
0.477342978,0.5,23.61551523,Baja
0.472229511,0.59,22.82781839,Baja
0.458934963,0.72,20.09791136,Baja
0.492589429,0.77,20.60741186,Baja
0.492361426,0.22,25.88044405,Alta
0.477940813,0.5,21.53286934,Baja
0.473388731,0.58,26.82745457,Alta
0.475374818,0.47,25.84545135,Alta
0.475130334,0.27,27.06054926,Alta
0.474875838,0.68,24.25522327,Baja
0.493916154,0.51,20.81252575,Baja
0.503659293,0.91,21.24947071,Baja
0.473037571,0.22,25.51707268,Alta
0.475508705,0.33,24.4366169,Alta
0.48935768,0.66,20.76405287,Baja
0.477741256,0.7,22.78487682,Baja
0.475079462,0.69,19.81668472,Baja
0.476814702,0.74,20.45914173,Baja
0.473778546,0.43,23.47397327,Baja
0.503160551,0.83,22.28335619,Baja
0.50343962,0.57,24.88183498,Baja
0.492962658,0.47,22.79613972,Baja
0.486885473,0.36,22.57161856,Baja
0.482559562,0.35,21.53520584,Baja
0.509203494,0.53,23.09585094,Baja
0.4941843,0.39,23.72407436,Baja
0.49391371,0.28,27.2949791,Alta
0.509542733,0.45,23.1086278,Baja
0.484579325,0.25,25.01871824,Alta
0.517781913,0.81,23.55676174,Baja
0.502091736,0.31,26.10490322,Alta
0.521783084,0.99,21.25177383,Baja
0.489462778,0.69,22.55323172,Baja
0.491920888,0.21,27.66876936,Alta
0.496680707,0.78,20.13171196,Baja
0.50233525,0.38,27.12682247,Alta
0.501420274,0.93,20.02635956,Baja
0.498810679,0.62,21.24236107,Baja
0.503350824,0.3,26.02778196,Alta
0.517711282,1,19.27307963,Baja
0.508854941,0.53,21.38918161,Baja
0.496086285,0.6,26.75777674,Baja
0.504904866,0.36,21.40334368,Baja
0.527812362,0.51,21.02587223,Baja
0.512589365,0.52,20.95057011,Baja
0.527456194,0.91,19.44822907,Baja
0.520842969,0.66,22.80444145,Baja
0.505516559,0.94,21.87614202,Baja
0.53591004,0.94,19.48484898,Baja
0.504681781,0.71,20.24708271,Baja
0.506681338,0.91,20.58444738,Baja
0.536139876,0.78,22.96841383,Baja
0.511309028,0.49,25.59393883,Alta
0.543106526,0.39,23.10665131,Baja
0.529685557,0.76,20.80069542,Baja
0.52204439,0.47,28.5892868,Alta
0.518252373,0.58,21.68212175,Baja
0.515395701,0.21,26.8328619,Alta
0.534138262,0.78,23.24699402,Baja
0.514792293,0.57,25.54537058,Baja
0.548941463,0.45,21.63967609,Baja
0.539041311,0.2,24.94684458,Alta
0.519084305,0.44,20.58347225,Baja
0.52700609,0.58,20.68715334,Baja
0.52732271,0.74,19.73430157,Baja
0.543447942,0.93,19.50449228,Baja
0.542294979,0.83,20.6695962,Baja
0.558355272,0.96,19.33238029,Baja
0.539356023,0.37,22.26685762,Baja
0.535840183,0.67,21.27186537,Baja
0.532147408,0.73,21.08349562,Baja
0.549987376,0.82,19.57665443,Baja
0.539705843,0.82,20.00413656,Baja
0.543347925,0.5,23.23117256,Baja
0.528474808,0.96,19.74783659,Baja
0.537606508,0.44,27.78822899,Alta
0.533795118,0.61,20.22706985,Baja
0.560146213,0.8,21.74571514,Baja
0.553443074,0.78,21.88855886,Baja
0.533754498,0.27,25.06193876,Alta
0.543576419,0.22,27.01613903,Alta
0.565466821,0.32,22.87912607,Baja
0.541504681,0.56,21.15295172,Baja
0.574462563,0.54,22.13845491,Baja
0.552648067,0.33,22.96906948,Baja
0.577540547,0.58,19.68993664,Baja
0.548128098,0.36,25.22190332,Alta
0.567427307,0.6,23.75950336,Baja
0.581012875,0.61,21.37893677,Baja
0.580310434,0.96,19.32482839,Baja
0.545895219,0.94,19.85451221,Baja
0.550181121,0.96,24.76402521,Baja
0.549345434,0.89,19.53082323,Baja
0.572814077,0.6,20.76262236,Baja
0.584504306,0.98,20.34193516,Baja
0.58156693,0.77,21.51862144,Baja
0.585680425,0.37,21.72498703,Baja
0.566607445,0.73,22.7411437,Baja
0.574094385,0.87,25.97685337,Baja
0.561018825,0.55,25.72805405,Baja
0.56369406,0.78,19.78114486,Baja
0.563005447,0.53,20.58200121,Baja
0.559494823,0.37,25.53417206,Alta
0.574105144,0.96,18.77826095,Baja
0.580525309,0.31,26.78087234,Alta
0.562091708,0.53,24.82452393,Baja
0.580180943,0.41,22.07980156,Baja
0.567868948,0.84,19.98164177,Baja
0.562736869,0.99,20.66939592,Baja
0.564884067,0.36,30.24640083,Alta
0.578924835,0.35,29.59187508,Alta
0.571745455,0.32,23.04600716,Baja
0.567149937,0.96,19.09519196,Baja
0.569506764,0.88,19.63693142,Baja
0.58593291,0.8,19.76973653,Baja
0.598608196,0.78,23.42534542,Baja
0.586827099,0.51,23.66033077,Baja
0.602473199,0.42,23.12101841,Baja
0.572184145,0.58,19.89044189,Baja
0.595674247,0.62,21.56299591,Baja
0.587604284,0.61,19.79558229,Baja
0.592253298,0.31,25.43931961,Alta
0.579184771,0.61,21.60181046,Baja
0.599603593,0.92,21.99869156,Baja
0.597094297,0.67,20.97342014,Baja
0.618171573,0.54,19.66659188,Baja
0.594367296,0.89,20.99937916,Baja
0.610415727,0.64,27.07721233,Baja
0.6082412,0.5,20.79402685,Baja
0.608248442,0.56,22.77549028,Baja
0.60293746,0.36,22.09734917,Baja
0.608032733,0.54,20.55015326,Baja
0.608800203,0.93,18.53602171,Baja
0.604534715,0.96,21.48106575,Baja
0.613613844,0.44,20.68946838,Baja
0.609185725,0.64,19.42594171,Baja
0.609460145,0.41,22.78213024,Baja
0.606986374,0.92,20.69336653,Baja
0.613966465,0.57,19.34697628,Baja
0.621659487,0.38,23.82785559,Baja
0.60578239,0.51,25.84365368,Baja
0.614972174,0.21,26.5019083,Alta
0.623533428,0.6,20.08099556,Baja
0.622877628,0.21,26.30827188,Alta
0.608692408,0.4,20.47050238,Baja
0.627582848,0.78,20.31179905,Baja
0.62591058,0.47,21.09419107,Baja
0.626522034,0.83,19.72142935,Baja
0.61214599,0.89,21.11609221,Baja
0.613064021,0.39,23.98030758,Baja
0.629814893,0.63,20.36397219,Baja
0.627940297,0.51,24.32220459,Baja
0.620831311,0.32,27.22064495,Alta
0.623377293,0.57,23.18732023,Baja
0.637409836,0.77,19.11675692,Baja
0.632134199,0.78,19.33290362,Baja
0.621258169,0.91,21.88790798,Baja
0.626387358,0.49,19.48913336,Baja
0.634468555,0.62,20.46197176,Baja
0.626360834,0.63,20.34820557,Baja
0.634174764,0.43,21.37321711,Baja
0.640437603,0.79,20.976367,Baja
0.640352249,1,20.03543854,Baja
0.642907739,0.51,21.65762901,Baja
0.638575047,0.28,27.21357822,Alta
0.641634762,0.4,22.30188131,Baja
0.637875021,0.28,21.76997185,Baja
0.645507187,0.45,22.31123924,Baja
0.637596875,0.57,20.61063528,Baja
0.639470935,0.7,19.91189599,Baja
0.64302516,0.72,21.83643818,Baja
0.63883096,0.85,20.42241812,Baja
0.641376108,0.97,20.73082209,Baja
0.642806023,0.5,19.38211679,Baja
0.657448232,0.93,19.65423822,Baja
0.643755734,0.29,23.12265873,Alta
0.65315029,0.55,19.35095072,Baja
0.643763393,0.56,20.58544397,Baja
0.654898673,0.83,19.23627377,Baja
0.658473432,0.56,27.28216171,Baja
0.653307915,0.34,22.49248028,Baja
0.657095313,0.7,18.90676975,Baja
0.665203363,0.88,19.94436741,Baja
0.664148748,0.97,18.35063219,Baja
0.659451693,0.28,21.86737776,Baja
0.652082026,0.87,20.72476387,Baja
0.667171836,0.43,29.03651714,Alta
0.653044581,0.75,18.93413424,Baja
0.669589698,0.28,22.59084702,Baja
0.663157403,0.21,25.09063721,Alta
0.654635161,0.62,19.69091892,Baja
0.662095577,0.96,19.37343359,Baja
0.656696439,0.89,21.0225606,Baja
0.67463699,0.87,20.05985975,Baja
0.662082493,0.45,20.60132504,Baja
0.66005066,0.32,25.43158531,Alta
0.670040309,0.23,24.59470749,Alta
0.668936342,0.88,18.71748209,Baja
0.67258206,0.93,19.77613926,Baja
0.665222883,0.92,19.57135439,Baja
0.665996134,0.23,23.04337263,Alta
0.667228043,0.27,26.74205065,Alta
0.67032817,0.89,18.84615779,Baja
0.681469172,0.65,22.95715332,Baja
0.681218714,0.78,18.89828563,Baja
0.671833664,0.87,18.99571657,Baja
0.671856791,0.29,21.68538332,Baja
0.683071226,0.38,24.22315121,Baja
0.684293687,0.91,19.54982281,Baja
0.690945536,0.61,21.42510891,Baja
0.676668435,0.81,18.66512418,Baja
0.688396722,0.48,25.66077232,Baja
0.690680295,0.42,23.22949648,Baja
0.695394665,0.94,20.96046209,Baja
0.679639071,0.61,21.71530008,Baja
0.693430036,0.23,27.0078969,Alta
0.688989908,0.47,22.23937988,Baja
0.697796673,0.58,19.38454866,Baja
0.689710736,0.25,25.19433498,Alta
0.696455717,0.28,21.96117163,Baja
0.701941252,0.36,20.6013155,Baja
0.69514364,0.45,20.16709328,Baja
0.687208474,0.8,19.87923026,Baja
0.702239096,0.73,20.63391924,Baja
0.697268188,0.84,18.69846582,Baja
0.689206392,0.87,19.08094049,Baja
0.697463751,0.63,19.13443685,Baja
0.691237122,0.73,20.48086643,Baja
0.711149365,0.8,19.5014143,Baja
0.693249464,0.33,22.27488995,Baja
0.709026128,0.49,19.50021982,Baja
0.711198568,0.91,20.89025736,Baja
0.711304277,0.72,19.55631256,Baja
0.713701457,0.81,19.28021431,Baja
0.705609381,0.3,22.00501204,Baja
0.701761097,0.56,22.49322176,Baja
0.700771451,0.32,27.7060318,Alta
0.709775001,0.55,19.67114449,Baja
0.708833009,0.92,18.71793151,Baja
0.708854228,0.69,21.52512789,Baja
0.715742707,0.33,24.89262581,Alta
0.708711892,0.84,19.26623106,Baja
0.722463459,0.37,20.56216002,Baja
0.707729816,0.58,20.08459568,Baja
0.713004351,0.98,19.62964058,Baja
0.714179039,0.36,20.89357138,Baja
0.711123168,0.53,21.17319107,Baja
0.712673008,0.4,23.4664011,Baja
0.720719099,0.83,19.00569797,Baja
0.721618623,0.25,23.10189247,Alta
0.718730658,0.3,22.61374474,Baja
0.720626652,0.86,19.44556952,Baja
0.731497437,0.64,19.91139174,Baja
0.735857338,0.83,18.91084313,Baja
0.728014886,0.77,19.1408968,Baja
0.729152203,0.93,22.43073702,Baja
0.734769017,0.84,18.73690367,Baja
0.723232925,0.55,19.29891229,Baja
0.725149691,0.58,23.87153864,Baja
0.727110177,0.62,21.81434155,Baja
0.737079948,0.74,18.89607906,Baja
0.742377162,0.66,19.54167962,Baja
0.72949937,0.56,20.08104801,Baja
0.735138506,0.97,20.16658783,Baja
0.73218891,0.98,19.03397799,Baja
0.737743437,0.65,19.88665342,Baja
0.738647878,0.75,19.59673166,Baja
0.733571678,0.53,20.91085911,Baja
0.738986522,0.71,19.96210575,Baja
0.737942725,0.41,21.76322222,Baja
0.74217689,0.76,19.02284145,Baja
0.751639575,0.23,20.99985838,Baja
0.738111913,0.99,19.08980131,Baja
0.748292178,0.66,19.12726641,Baja
0.747823477,0.83,20.00481129,Baja
0.744743854,0.86,19.3963182,Baja
0.752024144,0.89,20.42216539,Baja
0.747681081,0.27,23.03175688,Alta
0.757804334,0.42,23.10964823,Baja
0.75081858,0.26,24.26006794,Alta
0.747787386,0.45,19.00153518,Baja
0.764506042,0.37,21.00224972,Baja
0.763007134,0.93,18.31753492,Baja
0.747690916,0.6,19.55032468,Baja
0.760239184,0.79,19.54194307,Baja
0.751998991,0.45,21.79286242,Baja
0.767528325,0.61,19.1940999,Baja
0.759093285,0.27,21.25193357,Baja
0.768727571,0.82,19.2899096,Baja
0.753559619,0.23,21.82757854,Alta
0.754374295,0.97,19.21027184,Baja
0.758706599,0.38,20.98036766,Baja
0.765540481,0.24,22.75105238,Alta
0.763599396,0.28,21.0059762,Baja
0.763576925,0.91,19.12044764,Baja
0.774013847,0.42,21.9242382,Baja
0.771809965,0.71,19.43790555,Baja
0.76119253,0.5,19.46908236,Baja
0.768211424,0.62,20.69362402,Baja
0.782081842,0.53,20.66949368,Baja
0.770993054,0.42,22.46404648,Baja
0.774871439,0.81,18.92740965,Baja
0.77008763,0.57,20.50058126,Baja
0.774657398,0.5,20.64110756,Baja
0.770070225,0.27,22.00843334,Alta
0.776974976,0.34,21.63626909,Baja
0.774015278,0.71,18.49431992,Baja
0.771783143,0.55,20.7888341,Baja
0.775858015,0.5,21.89888239,Baja
0.775915176,0.24,21.39548302,Alta
0.781659037,0.65,20.51514864,Baja
0.776399285,0.7,19.85680699,Baja
0.787589937,0.71,20.74893713,Baja
0.79601416,0.26,21.2082243,Alta
0.797646135,0.56,19.74943399,Baja
0.792342752,0.92,18.7428546,Baja
0.797264695,0.45,19.33781981,Baja
0.782097071,0.82,20.35765171,Baja
0.792169511,0.9,19.57750201,Baja
0.793593615,0.32,22.64251232,Baja
0.801652759,0.66,21.23296022,Baja
0.789917648,0.46,25.10953188,Baja
0.792858779,0.93,18.97783279,Baja
0.806126893,0.36,24.18823242,Alta
0.805662245,0.69,18.96324039,Baja
0.807973713,0.83,19.43884611,Baja
0.805070609,0.83,21.18799448,Baja
0.795990437,0.47,19.28388834,Baja
0.807983726,0.52,20.05151987,Baja
0.796126425,0.41,22.95555115,Baja
0.79606542,0.9,18.23610067,Baja
0.802194625,0.92,19.45258617,Baja
0.806292176,0.65,19.27681684,Baja
0.800011307,0.42,19.79219675,Baja
0.807737261,0.58,18.95263314,Baja
0.800731659,0.58,21.63530827,Baja
0.805641294,0.95,18.70980501,Baja
0.820701599,0.51,22.27256298,Baja
0.805650324,0.78,18.67929935,Baja
0.818224341,0.84,18.49966407,Baja
0.805761755,0.45,19.24511671,Baja
0.810657144,0.56,21.41591311,Baja
0.814345896,0.35,20.07361174,Baja
0.809942186,0.86,19.19107795,Baja
0.816330433,0.36,20.1925087,Baja
0.809401423,0.74,19.03743267,Baja
0.813153327,0.6,18.89453411,Baja
0.8240197,0.54,19.56323981,Baja
0.816325575,1,18.31602573,Baja
0.828183353,0.36,22.61391163,Baja
0.815377653,0.45,22.97333479,Baja
0.832060546,0.33,20.79329014,Baja
0.828198791,0.24,21.9569993,Alta
0.819903761,0.31,19.99666929,Baja
0.818323493,0.84,18.67611885,Baja
0.827237725,0.33,20.23080349,Baja
0.823826551,0.84,18.20069075,Baja
0.83232379,0.74,19.02096033,Baja
0.830977499,0.3,20.38979292,Baja
0.838695198,0.72,18.66958976,Baja
0.828103572,0.88,19.24052477,Baja
0.828770101,0.46,21.29946232,Baja
0.834271014,0.26,25.92054367,Alta
0.834141016,0.36,26.30943775,Alta
0.836907625,0.86,18.57570052,Baja
0.844606757,0.47,20.63688517,Baja
0.840835065,0.41,21.07919455,Baja
0.844917297,0.83,19.8712039,Baja
0.83236587,0.85,19.53759909,Baja
0.845032454,0.97,19.875741,Baja
0.851350635,0.65,18.82390976,Baja
0.84251067,0.96,19.58751559,Baja
0.850645155,0.97,18.47086191,Baja
0.854178846,0.97,20.38072586,Baja
0.854101419,0.48,20.16322613,Baja
0.849724412,0.27,21.43239021,Alta
0.850659758,0.91,19.16973352,Baja
0.843797714,0.51,19.11271572,Baja
0.842940837,0.34,22.19467163,Baja
0.848999321,0.21,23.24853897,Alta
0.844808161,0.37,25.62659502,Alta
0.857395709,0.81,19.11515236,Baja
0.846443504,0.39,20.24231672,Baja
0.859004378,0.34,20.41901588,Baja
0.854409993,0.6,19.85577822,Baja
0.857651293,0.49,22.38776445,Baja
0.862021029,1,19.26237226,Baja
0.86919108,0.76,19.97535586,Baja
0.864731282,0.51,20.9474206,Baja
0.86033839,0.73,19.13030863,Baja
0.865860939,0.47,19.989115,Baja
0.856822819,0.39,25.36635399,Alta
0.861907125,0.46,20.46350479,Baja
0.873874217,0.68,19.03119683,Baja
0.863366902,0.55,19.36019778,Baja
0.863169849,0.49,19.74839807,Baja
0.867710024,0.43,18.97994757,Baja
0.867480069,0.64,20.1895237,Baja
0.866379797,0.98,18.65686774,Baja
0.87107119,0.97,19.43477631,Baja
0.87261644,0.25,24.33360815,Alta
0.867675722,0.37,20.70828915,Baja
0.868856251,0.97,18.16649199,Baja
0.870182633,0.35,20.03453016,Baja
0.878403842,0.26,20.33187866,Alta
0.881408751,0.44,20.72410107,Baja
0.88673386,0.97,18.75293493,Baja
0.872531205,0.67,18.80614519,Baja
0.886081964,0.3,19.99109268,Baja
0.878337771,0.2,26.28303528,Alta
0.88232106,0.62,19.99265432,Baja
0.878865749,0.68,19.26050901,Baja
0.881273717,0.29,20.82334042,Alta
0.8923859,0.43,20.78696251,Baja
0.890289217,0.9,20.44438601,Baja
0.883165598,0.64,21.07960939,Baja
0.881252736,0.82,18.70258331,Baja
0.883165479,0.24,21.89565659,Alta
0.89288038,0.31,20.94533682,Alta
0.893229693,0.54,21.22748852,Baja
0.892158389,0.76,18.54080915,Baja
0.889531046,0.41,20.2025342,Baja
0.895375639,0.42,20.30184984,Baja
0.894670397,0.94,18.70879889,Baja
0.890090466,0.56,24.49257851,Baja
0.902483791,0.71,18.64939451,Baja
