,Unnamed: 0,Construct,sequence,kappa,FCR,rg,NCPR,hydropathy,SCD,SHD,aromatic,aliphatic,polar,proline,complex,MW,re,prefactor,scaling_exponent,asphericity,Prediction
0,0,var1_FCR_0.4_kappa_0.0291,DDKTTAEREEKEKSEHESKQSETSAPGNGPSPTQGPSGDKENNRNANETGSGQREENARDGHKHDSVKMTSQERSQHHHNDRPEQGTDREAEAKAENDRA,0.0290762661024928,0.4,29.40380334854126,-0.0799999999999999,2.27,1.7023564185147024,3.379790364147121,0.0,0.0999999999999999,0.45,0.05,0.8350107988099473,11104.90000000002,71.25590801239014,6.1397514,0.5556658,0.41473716,High
1,1,var2_FCR_0.4_kappa_0.1315,KKAHKNHERQQPQERKPERTGDESSPANGARNRTDGPQSGNRNEDGMKQTQEDHRSGEEKTGSDEHGPTSAENHAKDTESAENKEESVNRDTDSEESAAH,0.1314502134919166,0.4,29.18953418731689,-0.0799999999999999,2.2700000000000005,-0.6850009643184352,3.357026630125315,0.0,0.0999999999999999,0.45,0.05,0.8350107988099473,11104.90000000002,69.30938720703125,6.3730106,0.54852545,0.39187032,High
2,2,var3_FCR_0.4_kappa_0.2690,AEAHKTHKRQRPQEKRPERTGDKSSPANGARTGKDGKQRGNRNEDGMKQTQSEHRSGSNKTGNDEHNPTEAENHASDTESAEEPEESVNQDEDSESEADH,0.2689893841743469,0.4,28.11732769012451,-0.0799999999999999,2.2700000000000005,-4.217993596359235,3.3571989679595013,0.0,0.0999999999999999,0.45,0.05,0.8350107988099473,11104.900000000018,65.72623252868652,7.9758253,0.49656737,0.3688863,High
3,3,var4_FCR_0.4_kappa_0.4053,KRAHKGHSRQKPQARRKNRTGTESKPARRAKNETDGHKSGNREKNGMQQNQEEHGSGTTGPESDEHSPTTAENHASDEESAENPEESVDQDEDSENEADD,0.4053155928850174,0.4,25.982165336608887,-0.0799999999999999,2.27,-9.437218552156525,3.3831061493964656,0.0,0.0999999999999999,0.45,0.05,0.8350107988099473,11104.90000000002,47.71073818206787,12.46663,0.38561332,0.33112818,High
4,4,var5_FCR_0.4_kappa_0.5054,KKTHKAHGRQQKKVRRPKRRGMQSRPRNRAKNGSPQPKAGNSQNDGDSTSDEAETHEENESGEPEHETTQADNHATDTESAENDDESENGEEDSEGSEAH,0.5053890347480774,0.4,23.214786052703857,-0.0799999999999999,2.27,-12.66697075172843,3.3622849978260296,0.0,0.0999999999999999,0.45,0.05,0.8350107988099473,11104.90000000002,41.261305809021,16.425442,0.31206822,0.29473317,High
5,5,var6_FCR_0.4_kappa_0.6513,KRKHKRHSRQKRQRKRKPKTKTRSSPANRANNGGGHPQSQQSQSPGTSAGTTAHGNGTNDDGDEEHSNEEAENHAEETESEEEPDESVNMDEDDEEEAAD,0.6513389050960541,0.4,21.1273455619812,-0.0799999999999999,2.27,-18.215284038279773,3.395590608622633,0.0,0.0999999999999999,0.45,0.05,0.8350107988099473,11104.90000000002,28.84814500808716,22.856308,0.15978074,0.2814415,Low
6,6,var7_FCR_0.4_kappa_0.7847,KRKRKKKGRRQPQSRRPKRRGKGSSSKNGAANNTHNPQSQGANGAGMGQTTTPSPSAHQHTSASSHVHTEAENHEEDTEDAENEEEDDNEDEDEEEEDED,0.7846735715866089,0.4,21.194863319396973,-0.0799999999999999,2.27,-21.70447948939285,3.4225011198766504,0.0,0.0999999999999999,0.45,0.05,0.8350107988099473,11104.90000000002,26.24696254730225,35.233574,0.092590466,0.2795267,Low
7,7,var8_FCR_0.4_kappa_0.9915,RKKRKRKKRKRRKRKNRNPHSNQSSTAPTASANNQGNNAGMGQQSQHTQTGSAGHHGSPPTSSNGHGASTAHTVPAEEEEEEDDDEEEEEDDDEDEDEEE,0.9915435314178468,0.4,20.276243686676025,-0.0799999999999999,2.27,-24.459607437721026,3.433656729583145,0.0,0.0999999999999999,0.45,0.05,0.8350107988099473,11104.90000000002,22.598586082458496,61.804646,-0.09910299,0.2725737,Low
8,8,var1_FCR_0.8_kappa_0.0186,KDKREDRDRDDRDRDKERERREKEKRDDDKREAGHASDGAGSKQETTKAKEENKREEKDKHRQESNEGDQRDERERDDRDREREKEKKDDKDRKDREKDE,0.018585561774671,0.8,30.186595916748047,-0.04,1.207,0.1324894822277023,2.5094204954226256,0.0,0.04,0.16,0.0,0.6636680857346479,12427.300000000025,73.08412075042725,6.179413,0.5603022,0.41637954,High
9,9,var2_FCR_0.8_kappa_0.1413,KRKDRERRRDKRKRKERRDRDKERKDDREKRRAGHASKGAGSKQKTTKAKEKNDEEKDDEHEQESNEGDQRRDEEKDDDDREDKEEERDDERDKRDEDDE,0.1413175538182258,0.8,26.01294040679932,-0.04,1.207,-11.607014396171014,2.526095019598805,0.0,0.04,0.16,0.0,0.6636680857346479,12427.30000000002,55.508575439453125,13.47636,0.338605,0.32829973,High
10,10,var3_FCR_0.8_kappa_0.2770,KRKRRERRRRKRDRKKRRKREEKRKRERDKRRAGHASKGAGSKQKTTKAKEENDEKEDDEHEQESNEGDQRDDEERDDKDDKDEEEEDDKEDDDDDRDDE,0.2770114094018936,0.8,21.366002559661865,-0.04,1.207,-25.62292259071972,2.5332677336868388,0.0,0.04,0.16,0.0,0.6636680857346479,12427.30000000002,30.47170639038086,43.9186,0.0681428,0.27601868,Low
11,11,var4_FCR_0.8_kappa_0.3820,KRERRKRRRRKRDDKKRRERRKKRKERRKKRRAGHASKGAGSKQKTTKAKEENDEEEDDEHEQESNEGDQRDDEEKDDDKDEDKREEDDDEDDDRDEDDE,0.3819629102945328,0.8,21.50700330734253,-0.04,1.207,-27.96521475786541,2.531855430105768,0.0,0.04,0.16,0.0,0.6636680857346479,12427.30000000002,32.335946559906006,35.677296,0.07946506,0.28102133,Low
12,12,var5_FCR_0.8_kappa_0.4921,KRKRRKRDRRKRKRKERRERRKKRKRRDKKRRAGHASKGAGSKQKTTKAKEENDEEKDDEHEQESNEGDQRRDKEEDDRDDEDEEEEDDDEDDDDDEDDE,0.4920656234025955,0.8,20.02640008926392,-0.04,1.207,-36.20967193147487,2.52253596625858,0.0,0.04,0.16,0.0,0.6636680857346479,12427.30000000002,29.17400360107422,43.067657,-0.026989087,0.27964708,Low
13,13,var6_FCR_0.8_kappa_0.6635,KRKDRKRRRRKRKRKKRRERRKKRKRRRKKRRAGHASKGAGSKQKTTKAKEENDEEKDDEHEQESNEGDQRDREEEDDDDDEDEEEEDDDEDDDDDEDDE,0.6635276079177856,0.8,19.446738958358765,-0.04,1.207,-46.927947161579056,2.5190595896692214,0.0,0.04,0.16,0.0,0.6636680857346479,12427.30000000002,29.187560081481934,42.32458,-0.094137624,0.27231348,Low
14,14,var7_FCR_0.8_kappa_0.7782,KRKRRKRRRRKRKRKKDRKRRKKRKRRRKKRRRQHASKGAGSKQKTTKAKEENDEERDDEHEQESNEGDGADDEEEDDDDDEDEEEEDDDEDDDDDEDEE,0.7782461047172546,0.8,18.662729263305664,-0.04,1.207,-55.41156879606784,2.520582445278791,0.0,0.04,0.16,0.0,0.6636680857346479,12427.300000000016,26.025753021240234,43.477604,-0.06902647,0.2738099,Low
15,15,var8_FCR_0.8_kappa_0.9930,KRRKRKRRKRKRKRKKRRKRRKRRKKKRKKRRKRRRKKANNASGATTQAGGGSQSHHDEQDEDEEEEDDEEDDEEEDDDDDEDEEEEDDDDDDEDDEEDE,0.9930432736873628,0.8,18.04161787033081,-0.04,1.207,-68.96211162113977,2.5202203638615788,0.0,0.04,0.16,0.0,0.6636680857346479,12427.300000000016,24.99833345413208,34.157364,-0.13034587,0.2714445,Low
